model,fit_time,score_time,train_balanced_accuracy,test_balanced_accuracy,train_recall,test_recall,train_precision,test_precision,train_roc_auc,test_roc_auc,train_log_loss,test_log_loss,num_clusters,find_num_clusters,num_components,cov_type,kernel,alpha,criterion,n_estimators,max_features,max_samples,resample,decision_function_shape,gamma,n_neighbors,sampling_strategy,batch_size,epochs,learning_rate,rnn_size,dense_units,dropout,attention,bidirectional,regularize,print_results,output,data_file,model_type,name
baseline,0.000652170181274,0.0010166645050049999,0.14285714285714302,0.14285714285714302,0.388209621780174,0.388209626519154,0.150706713534866,0.15070671431546698,,,,,15,both,15,tied,rbf,0.2,entropy,100,sqrt,0.6,0,ovr,auto,20,not minority,32,15,0.01,100,100,0.2,0,0,0,0,tuning/tuning_results/tuning_run02.csv,preprocessed_data_k5.txt,baseline,
kmeans,25.286058044433602,0.003286266326904,0.209361515935047,0.22084095541044396,0.494102548408923,0.494795841854124,0.43350443625566704,0.438931264839636,,,,,15,acc,15,tied,rbf,0.2,entropy,100,sqrt,0.6,0,ovr,auto,20,not minority,32,15,0.01,100,100,0.2,0,0,0,0,tuning/tuning_results/tuning_run02.csv,preprocessed_data_k5.txt,kmeans,
kmeans,1.64298586845398,0.003441429138184,0.225447623774883,0.22544779758533603,0.51170403670246,0.511704375038731,0.334160186811498,0.334182716868407,,,,,15,sil,15,tied,rbf,0.2,entropy,100,sqrt,0.6,0,ovr,auto,20,not minority,32,15,0.01,100,100,0.2,0,0,0,0,tuning/tuning_results/tuning_run02.csv,preprocessed_data_k5.txt,kmeans,
kmeans,322.184065818787,0.003447246551514,0.31649204857189,0.31699236690573,0.587416376781278,0.588883146392349,0.549536823994208,0.556367204597869,,,,,30,acc,15,tied,rbf,0.2,entropy,100,sqrt,0.6,0,ovr,auto,20,not minority,32,15,0.01,100,100,0.2,0,0,0,0,tuning/tuning_results/tuning_run02.csv,preprocessed_data_k5.txt,kmeans,
kmeans,1.6525438785553,0.0033531188964840003,0.225447623774883,0.22544779758533603,0.51170403670246,0.511704375038731,0.334160186811498,0.334182716868407,,,,,30,sil,15,tied,rbf,0.2,entropy,100,sqrt,0.6,0,ovr,auto,20,not minority,32,15,0.01,100,100,0.2,0,0,0,0,tuning/tuning_results/tuning_run02.csv,preprocessed_data_k5.txt,kmeans,
gmm,5.849018096923831,0.011109685897827,0.18446186620453398,0.185309684710268,0.446627289384384,0.44875266984776196,0.306477803893165,0.308255012648269,,,,,15,acc,15,tied,rbf,0.2,entropy,100,sqrt,0.6,0,ovr,auto,20,not minority,32,15,0.01,100,100,0.2,0,0,0,0,tuning/tuning_results/tuning_run02.csv,preprocessed_data_k5.txt,gmm,
gmm,104.385905456543,0.006440305709839001,0.263520935632167,0.262150665239544,0.5854846360743969,0.58288307409473,0.52697775523241,0.527535975932392,,,,,15,acc,15,diag,rbf,0.2,entropy,100,sqrt,0.6,0,ovr,auto,20,not minority,32,15,0.01,100,100,0.2,0,0,0,0,tuning/tuning_results/tuning_run02.csv,preprocessed_data_k5.txt,gmm,
gmm,5.84400181770325,0.010924196243286,0.18446186620453398,0.185309684710268,0.446627289384384,0.44875266984776196,0.306477803893165,0.308255012648269,,,,,15,bic,15,tied,rbf,0.2,entropy,100,sqrt,0.6,0,ovr,auto,20,not minority,32,15,0.01,100,100,0.2,0,0,0,0,tuning/tuning_results/tuning_run02.csv,preprocessed_data_k5.txt,gmm,
gmm,104.67734298706101,0.006246662139893001,0.263520935632167,0.262150665239544,0.5854846360743969,0.58288307409473,0.52697775523241,0.527535975932392,,,,,15,bic,15,diag,rbf,0.2,entropy,100,sqrt,0.6,0,ovr,auto,20,not minority,32,15,0.01,100,100,0.2,0,0,0,0,tuning/tuning_results/tuning_run02.csv,preprocessed_data_k5.txt,gmm,
gmm,23.786477947235102,0.033269023895264,0.249614345979688,0.250694022593444,0.546918185175429,0.5477939931007421,0.514983543145854,0.514346518481492,,,,,15,acc,30,tied,rbf,0.2,entropy,100,sqrt,0.6,0,ovr,auto,20,not minority,32,15,0.01,100,100,0.2,0,0,0,0,tuning/tuning_results/tuning_run02.csv,preprocessed_data_k5.txt,gmm,
gmm,274.065741205215,0.00804181098938,0.29156457812537395,0.293571197248674,0.598040958416619,0.5974728574084399,0.559732749979577,0.557374270883248,,,,,15,acc,30,diag,rbf,0.2,entropy,100,sqrt,0.6,0,ovr,auto,20,not minority,32,15,0.01,100,100,0.2,0,0,0,0,tuning/tuning_results/tuning_run02.csv,preprocessed_data_k5.txt,gmm,
gmm,23.9045353889465,0.033592224121094,0.249614345979688,0.250694022593444,0.546918185175429,0.5477939931007421,0.514983543145854,0.514346518481492,,,,,15,bic,30,tied,rbf,0.2,entropy,100,sqrt,0.6,0,ovr,auto,20,not minority,32,15,0.01,100,100,0.2,0,0,0,0,tuning/tuning_results/tuning_run02.csv,preprocessed_data_k5.txt,gmm,
gmm,274.828296279907,0.008381509780884,0.29156457812537395,0.293571197248674,0.598040958416619,0.5974728574084399,0.559732749979577,0.557374270883248,,,,,15,bic,30,diag,rbf,0.2,entropy,100,sqrt,0.6,0,ovr,auto,20,not minority,32,15,0.01,100,100,0.2,0,0,0,0,tuning/tuning_results/tuning_run02.csv,preprocessed_data_k5.txt,gmm,
bmm,88.2196463108063,0.02241415977478,0.221920353079565,0.222296369710047,0.49855698152481,0.499158734585115,0.46113025429484894,0.46244976999501103,,,,,15,both,15,tied,rbf,0.2,entropy,100,sqrt,0.6,0,ovr,auto,20,not minority,32,15,0.01,100,100,0.2,0,0,0,0,tuning/tuning_results/tuning_run02.csv,preprocessed_data_k5.txt,bmm,
bmm,170.27238259315502,0.006746482849120999,0.296504510934817,0.296941620190897,0.64670925205696,0.6472432505009189,0.588623184499615,0.588983526766322,,,,,15,both,15,diag,rbf,0.2,entropy,100,sqrt,0.6,0,ovr,auto,20,not minority,32,15,0.01,100,100,0.2,0,0,0,0,tuning/tuning_results/tuning_run02.csv,preprocessed_data_k5.txt,bmm,
bmm,1331.12558875084,0.039228296279907,0.22830229422504603,0.229720425049235,0.4745693652478421,0.47784197806283707,0.427568927797582,0.448005638238758,,,,,15,both,30,tied,rbf,0.2,entropy,100,sqrt,0.6,0,ovr,auto,20,not minority,32,15,0.01,100,100,0.2,0,0,0,0,tuning/tuning_results/tuning_run02.csv,preprocessed_data_k5.txt,bmm,
bmm,339.925480127335,0.008552265167236,0.307780760533327,0.302481050042388,0.6480614414986751,0.6486523310817789,0.6043314762548521,0.598482444376852,,,,,15,both,30,diag,rbf,0.2,entropy,100,sqrt,0.6,0,ovr,auto,20,not minority,32,15,0.01,100,100,0.2,0,0,0,0,tuning/tuning_results/tuning_run02.csv,preprocessed_data_k5.txt,bmm,
svm,125.12057366371201,4.9928168296814,0.6688932758852509,0.662515359642994,0.5964842958302989,0.59420045031088,0.705794181451967,0.703324069198011,0.8987086464312309,0.898279565130574,0.769616448347,0.772511434341077,15,both,15,tied,rbf,0.2,entropy,100,sqrt,0.6,0,ovr,auto,20,not minority,32,15,0.01,100,100,0.2,0,0,0,0,tuning/tuning_results/tuning_run02.csv,preprocessed_data_k5.txt,svm,
svm,170.680165672302,5.24483780860901,0.651613723984469,0.646221383309432,0.578382846919855,0.5781556154592961,0.6962301087079561,0.695901468235183,0.893800610704567,0.8934624173816401,0.788150553331954,0.7904723262176301,15,both,15,tied,sigmoid,0.2,entropy,100,sqrt,0.6,0,ovr,auto,20,not minority,32,15,0.01,100,100,0.2,0,0,0,0,tuning/tuning_results/tuning_run02.csv,preprocessed_data_k5.txt,svm,
svm,78.9791518211365,3.9966831207275404,0.755893858261757,0.742950769358789,0.6663674461936561,0.662924314721861,0.752139457319317,0.749685636388274,0.9229936328263759,0.921549983346761,0.66647888300715,0.676269269233353,15,both,15,tied,rbf,0.2,entropy,100,sqrt,0.6,0,ovr,scale,20,not minority,32,15,0.01,100,100,0.2,0,0,0,0,tuning/tuning_results/tuning_run02.csv,preprocessed_data_k5.txt,svm,
svm,151.099086046219,5.8799799919128395,0.31624363390932003,0.317350164934518,0.236659702315468,0.236626076718101,0.516696384460721,0.5146314056847661,0.7600516309294342,0.7598006254543659,1.1791139775893,1.1795032967405001,15,both,15,tied,sigmoid,0.2,entropy,100,sqrt,0.6,0,ovr,scale,20,not minority,32,15,0.01,100,100,0.2,0,0,0,0,tuning/tuning_results/tuning_run02.csv,preprocessed_data_k5.txt,svm,
svm,124.851136112213,4.99620471000671,0.6688932758852509,0.662515359642994,0.5964842958302989,0.59420045031088,0.705794181451967,0.703324069198011,0.8987086464312309,0.898279565130574,0.769616448347,0.772511434341077,15,both,15,tied,rbf,0.2,entropy,100,sqrt,0.6,0,ovo,auto,20,not minority,32,15,0.01,100,100,0.2,0,0,0,0,tuning/tuning_results/tuning_run02.csv,preprocessed_data_k5.txt,svm,
svm,169.73072924614,5.27317476272583,0.651613723984469,0.646221383309432,0.578382846919855,0.5781556154592961,0.6962301087079561,0.695901468235183,0.893800610704567,0.8934624173816401,0.788150553331954,0.7904723262176301,15,both,15,tied,sigmoid,0.2,entropy,100,sqrt,0.6,0,ovo,auto,20,not minority,32,15,0.01,100,100,0.2,0,0,0,0,tuning/tuning_results/tuning_run02.csv,preprocessed_data_k5.txt,svm,
svm,81.3311617851257,3.95439786911011,0.755893858261757,0.742950769358789,0.6663674461936561,0.662924314721861,0.752139457319317,0.749685636388274,0.9229936328263759,0.921549983346761,0.66647888300715,0.676269269233353,15,both,15,tied,rbf,0.2,entropy,100,sqrt,0.6,0,ovo,scale,20,not minority,32,15,0.01,100,100,0.2,0,0,0,0,tuning/tuning_results/tuning_run02.csv,preprocessed_data_k5.txt,svm,
svm,152.075770902634,5.88206343650818,0.31624363390932003,0.317350164934518,0.236659702315468,0.236626076718101,0.516696384460721,0.5146314056847661,0.7600516309294342,0.7598006254543659,1.1791139775893,1.1795032967405001,15,both,15,tied,sigmoid,0.2,entropy,100,sqrt,0.6,0,ovo,scale,20,not minority,32,15,0.01,100,100,0.2,0,0,0,0,tuning/tuning_results/tuning_run02.csv,preprocessed_data_k5.txt,svm,
knn,0.0035889625549320003,1.3430757522583001,1.0,0.651287534791374,1.0,0.802645524777427,1.0,0.7997910089179079,1.0,0.9528692687266591,4.95975593348597e-08,0.970361342949995,15,both,15,tied,rbf,0.2,entropy,100,sqrt,0.6,0,ovr,auto,10,not minority,32,15,0.01,100,100,0.2,0,0,0,0,tuning/tuning_results/tuning_run02.csv,preprocessed_data_k5.txt,knn,
knn,0.0036070346832279996,1.338893699646,1.0,0.611670145963722,1.0,0.792509584598542,1.0,0.78898724986821,1.0,0.9533255474637758,1.01309712509249e-07,0.709548259571757,15,both,15,tied,rbf,0.2,entropy,100,sqrt,0.6,0,ovr,auto,20,not minority,32,15,0.01,100,100,0.2,0,0,0,0,tuning/tuning_results/tuning_run02.csv,preprocessed_data_k5.txt,knn,
knn,0.003798961639404,1.34570107460022,1.0,0.554773048374801,1.0,0.781919181590961,1.0,0.7802314252574509,1.0,0.94869719414141,2.4463091286626897e-07,0.602960744262994,15,both,15,tied,rbf,0.2,entropy,100,sqrt,0.6,0,ovr,auto,50,not minority,32,15,0.01,100,100,0.2,0,0,0,0,tuning/tuning_results/tuning_run02.csv,preprocessed_data_k5.txt,knn,
knn,0.0034728527069090003,1.38828029632568,1.0,0.468525819471229,1.0,0.7650563508293571,1.0,0.7626837895898729,1.0,0.9419582775835308,4.6939420195110597e-07,0.619855226326209,15,both,15,tied,rbf,0.2,entropy,100,sqrt,0.6,0,ovr,auto,100,not minority,32,15,0.01,100,100,0.2,0,0,0,0,tuning/tuning_results/tuning_run02.csv,preprocessed_data_k5.txt,knn,
knn,0.011944055557251003,1.88462009429932,1.0,0.363866857748478,1.0,0.706285937080416,1.0,0.66749189228734,1.0,0.9086568405975559,3.86343121830432e-06,0.786717278002131,15,both,15,tied,rbf,0.2,entropy,100,sqrt,0.6,0,ovr,auto,1000,not minority,32,15,0.01,100,100,0.2,0,0,0,0,tuning/tuning_results/tuning_run02.csv,preprocessed_data_k5.txt,knn,
easy_ensemble,1.59455018043518,0.51880669593811,0.5624734470420151,0.557787326243164,0.4596494556094439,0.456707834996178,0.6274761979142031,0.62500131596961,0.7286219310807641,0.728619318502101,1.6565733236680702,1.65861851880467,15,both,15,tied,rbf,0.2,entropy,10,sqrt,0.6,0,ovr,auto,20,all,32,15,0.01,100,100,0.2,0,0,0,0,tuning/tuning_results/tuning_run02.csv,preprocessed_data_k5.txt,easy_ensemble,
easy_ensemble,1.59045729637146,0.541766262054443,0.545419857779353,0.543746974303136,0.429719395463068,0.428252184420896,0.617570550094053,0.616079903245874,0.720540153997991,0.7199839227409829,1.6588275525883702,1.6606080927112299,15,both,15,tied,rbf,0.2,entropy,10,sqrt,0.6,0,ovr,auto,20,not minority,32,15,0.01,100,100,0.2,0,0,0,0,tuning/tuning_results/tuning_run02.csv,preprocessed_data_k5.txt,easy_ensemble,
easy_ensemble,15.8433128356934,5.36646676063538,0.581510819659565,0.575447218866085,0.447468199120918,0.446025655326269,0.6451858274753951,0.643811770720501,0.73148220792141,0.731665943273215,1.65511846625802,1.65754296688878,15,both,15,tied,rbf,0.2,entropy,100,sqrt,0.6,0,ovr,auto,20,all,32,15,0.01,100,100,0.2,0,0,0,0,tuning/tuning_results/tuning_run02.csv,preprocessed_data_k5.txt,easy_ensemble,
easy_ensemble,15.8623001098633,5.20272650718689,0.5885461036382851,0.5852665386297049,0.44858160628786603,0.44625374398380496,0.654009520417973,0.6517031165735699,0.722682959811001,0.722002282889027,1.65405446644366,1.65629662013871,15,both,15,tied,rbf,0.2,entropy,100,sqrt,0.6,0,ovr,auto,20,not minority,32,15,0.01,100,100,0.2,0,0,0,0,tuning/tuning_results/tuning_run02.csv,preprocessed_data_k5.txt,easy_ensemble,
easy_ensemble,79.1614362716675,26.703429889678997,0.5997638667361871,0.5965377761569239,0.409640498861118,0.40925395054842895,0.649034418181032,0.648826918269416,0.7224832421030329,0.722541182630214,1.65602734029029,1.65732404596719,15,both,15,tied,rbf,0.2,entropy,500,sqrt,0.6,0,ovr,auto,20,all,32,15,0.01,100,100,0.2,0,0,0,0,tuning/tuning_results/tuning_run02.csv,preprocessed_data_k5.txt,easy_ensemble,
easy_ensemble,79.5707397937775,26.6003706455231,0.600668571401906,0.5949188168065079,0.411231149056613,0.40893649170643004,0.652727688267171,0.6491379914005451,0.72255455207638,0.72212634321931,1.6552838397201202,1.6578112784531298,15,both,15,tied,rbf,0.2,entropy,500,sqrt,0.6,0,ovr,auto,20,not minority,32,15,0.01,100,100,0.2,0,0,0,0,tuning/tuning_results/tuning_run02.csv,preprocessed_data_k5.txt,easy_ensemble,
easy_ensemble,160.414734458923,52.60958070755011,0.6070275402470561,0.600970040051011,0.424946318261876,0.42339085125281395,0.66109347798512,0.658897412496309,0.7286019091460121,0.7285473784636011,1.65484193273341,1.6561109857426202,15,both,15,tied,rbf,0.2,entropy,1000,sqrt,0.6,0,ovr,auto,20,all,32,15,0.01,100,100,0.2,0,0,0,0,tuning/tuning_results/tuning_run02.csv,preprocessed_data_k5.txt,easy_ensemble,
easy_ensemble,158.362284612656,51.2775166034699,0.605705077908394,0.600528578112782,0.420696434474281,0.419346099027081,0.662122374040523,0.658661482336879,0.726457906092431,0.7261836008344928,1.65455525370256,1.65701253927756,15,both,15,tied,rbf,0.2,entropy,1000,sqrt,0.6,0,ovr,auto,20,not minority,32,15,0.01,100,100,0.2,0,0,0,0,tuning/tuning_results/tuning_run02.csv,preprocessed_data_k5.txt,easy_ensemble,
lstm,149.180569982529,0.070807647705078,0.522254060149898,0.430574832656293,0.776180468837247,0.7315313749348169,0.768244540879952,0.717157695128928,0.9419147136207621,0.9171187200343349,0.6228686292783621,0.748468956486189,15,both,15,tied,rbf,0.2,entropy,100,sqrt,0.6,0,ovr,auto,20,not minority,32,100,0.01,50,0,0.0,0,0,0,0,tuning/tuning_results/tuning_run02.csv,preprocessed_data_k5.txt,lstm,
lstm,181.355000829697,0.07565131187439,0.689346024620543,0.580465191683064,0.82802871095138,0.7330957761168091,0.825817307077481,0.7252587445521809,0.963693416624734,0.9146766854946791,0.482176026636332,0.803779180174161,15,both,15,tied,rbf,0.2,entropy,100,sqrt,0.6,0,ovr,auto,20,not minority,32,100,0.01,50,100,0.0,0,0,0,0,tuning/tuning_results/tuning_run02.csv,preprocessed_data_k5.txt,lstm,
lstm,148.693583726883,0.07144751548767099,0.54236253524811,0.40767482492124996,0.7782007939166892,0.715887363114897,0.7717598044439559,0.6830967433215159,0.9421096629252149,0.905205771114928,0.620371194945207,0.829038046164448,15,both,15,tied,rbf,0.2,entropy,100,sqrt,0.6,0,ovr,auto,20,not minority,32,100,0.01,50,0,0.2,0,0,0,0,tuning/tuning_results/tuning_run02.csv,preprocessed_data_k5.txt,lstm,
lstm,181.72873187065102,0.075201749801636,0.670466748774841,0.4720201793406121,0.799551264479842,0.7045019989570659,0.805544662604707,0.7086003985231321,0.9533342904792149,0.9090075166975758,0.5408407846635239,0.8106254158782991,15,both,15,tied,rbf,0.2,entropy,100,sqrt,0.6,0,ovr,auto,20,not minority,32,100,0.01,50,100,0.2,0,0,0,0,tuning/tuning_results/tuning_run02.csv,preprocessed_data_k5.txt,lstm,
lstm,147.537540817261,0.06900167465210001,0.4674269182628039,0.49603018623184203,0.7650940618686479,0.726751260212063,0.7551448811833771,0.712874644484905,0.9341874186530741,0.901617971409158,0.6545452440883989,0.793964341420406,15,both,15,tied,rbf,0.2,entropy,100,sqrt,0.6,0,ovr,auto,20,not minority,32,100,0.01,50,0,0.5,0,0,0,0,tuning/tuning_results/tuning_run02.csv,preprocessed_data_k5.txt,lstm,
lstm,182.44157948494,0.076026296615601,0.506140464176437,0.429441364475447,0.7492461852404592,0.7200590996002092,0.7446510669668449,0.701789764891509,0.9282630853856321,0.8952896949366759,0.6772101680881261,0.812108562518948,15,both,15,tied,rbf,0.2,entropy,100,sqrt,0.6,0,ovr,auto,20,not minority,32,100,0.01,50,100,0.5,0,0,0,0,tuning/tuning_results/tuning_run02.csv,preprocessed_data_k5.txt,lstm,
lstm,149.597969579697,0.07190227508544901,0.33757130783335404,0.33951618089150504,0.6497527893684201,0.604206500956023,0.612841283400316,0.5682974766248821,0.873290123124206,0.833443036695866,1.02276353384044,1.1719933659671697,15,both,15,tied,rbf,0.2,entropy,100,sqrt,0.6,0,ovr,auto,20,not minority,32,100,0.001,50,0,0.0,0,0,0,0,tuning/tuning_results/tuning_run02.csv,preprocessed_data_k5.txt,lstm,
lstm,182.92257003784198,0.07641854286193901,0.40399870530612697,0.37675547830112205,0.7470431171890071,0.685903007126716,0.746270602185966,0.687510416832938,0.921122090051436,0.880679398876364,0.734293685390705,0.878444297569591,15,both,15,tied,rbf,0.2,entropy,100,sqrt,0.6,0,ovr,auto,20,not minority,32,100,0.001,50,100,0.0,0,0,0,0,tuning/tuning_results/tuning_run02.csv,preprocessed_data_k5.txt,lstm,
lstm,150.097148275375,0.070535230636597,0.364690508109354,0.354685725506241,0.6985553152823891,0.6840778724143921,0.665728283185792,0.6468143782126851,0.8909110164074141,0.884005375189728,0.85224075419138,0.883750037241105,15,both,15,tied,rbf,0.2,entropy,100,sqrt,0.6,0,ovr,auto,20,not minority,32,100,0.001,50,0,0.2,0,0,0,0,tuning/tuning_results/tuning_run02.csv,preprocessed_data_k5.txt,lstm,
lstm,182.94069304466203,0.07680230140686,0.42778952069921294,0.39495110313905,0.7542919217453979,0.7118894489831391,0.744973370385842,0.6712186443660579,0.928221837286373,0.892954885191088,0.689827738610941,0.843779498336303,15,both,15,tied,rbf,0.2,entropy,100,sqrt,0.6,0,ovr,auto,20,not minority,32,100,0.001,50,100,0.2,0,0,0,0,tuning/tuning_results/tuning_run02.csv,preprocessed_data_k5.txt,lstm,
lstm,148.467643547058,0.070922565460205,0.380302851167702,0.366641905936298,0.723591102447741,0.6908569442030239,0.6862832141706011,0.6501683194959871,0.904143525209015,0.875100774592752,0.806762138838606,0.913554136980634,15,both,15,tied,rbf,0.2,entropy,100,sqrt,0.6,0,ovr,auto,20,not minority,32,100,0.001,50,0,0.5,0,0,0,0,tuning/tuning_results/tuning_run02.csv,preprocessed_data_k5.txt,lstm,
lstm,182.640564870834,0.077468824386597,0.39444547236651295,0.39115786372050104,0.7202002050782241,0.699461150703981,0.7088484570837701,0.700983012614436,0.9105163337161191,0.8925180142286671,0.765877668562547,0.847361421221458,15,both,15,tied,rbf,0.2,entropy,100,sqrt,0.6,0,ovr,auto,20,not minority,32,100,0.001,50,100,0.5,0,0,0,0,tuning/tuning_results/tuning_run02.csv,preprocessed_data_k5.txt,lstm,
lstm,210.921600580215,0.09983434677124,0.528432528346105,0.41286153115002105,0.7586777530736349,0.700330262471754,0.757534162899718,0.677882543418224,0.928377284128146,0.896344216312848,0.7004294026632629,0.8514066501239901,15,both,15,tied,rbf,0.2,entropy,100,sqrt,0.6,0,ovr,auto,20,not minority,32,100,0.01,100,0,0.0,0,0,0,0,tuning/tuning_results/tuning_run02.csv,preprocessed_data_k5.txt,lstm,
lstm,269.244721269608,0.10974273681640599,0.688159994398038,0.6069874152079521,0.831389151158895,0.764036155049539,0.829434804260409,0.764440538053595,0.9669573509895221,0.9316315567463721,0.450136047240682,0.6758608508435021,15,both,15,tied,rbf,0.2,entropy,100,sqrt,0.6,0,ovr,auto,20,not minority,32,100,0.01,100,100,0.0,0,0,0,0,tuning/tuning_results/tuning_run02.csv,preprocessed_data_k5.txt,lstm,
lstm,210.068285512924,0.10061917304992699,0.503640634384894,0.426370087525682,0.776931745499954,0.727620371979836,0.77039119898113,0.707957132889576,0.941401631948756,0.898831954499125,0.612217903966879,0.8272542225879659,15,both,15,tied,rbf,0.2,entropy,100,sqrt,0.6,0,ovr,auto,20,not minority,32,100,0.01,100,0,0.2,0,0,0,0,tuning/tuning_results/tuning_run02.csv,preprocessed_data_k5.txt,lstm,
lstm,268.46681852340697,0.10745744705200198,0.714644622150817,0.46100566351335204,0.840018680392694,0.72718581609595,0.8378595919814409,0.7117842615780721,0.969392937001085,0.910739055235869,0.42032376185636794,0.797216735214847,15,both,15,tied,rbf,0.2,entropy,100,sqrt,0.6,0,ovr,auto,20,not minority,32,100,0.01,100,100,0.2,0,0,0,0,tuning/tuning_results/tuning_run02.csv,preprocessed_data_k5.txt,lstm,
lstm,211.589425754547,0.10020513534545901,0.5515807078336221,0.44616173955091604,0.8018253992426321,0.722405701373197,0.7983573060482321,0.7099142929060891,0.9532423832697271,0.9048213883079208,0.544995219635211,0.817662128232048,15,both,15,tied,rbf,0.2,entropy,100,sqrt,0.6,0,ovr,auto,20,not minority,32,100,0.01,100,0,0.5,0,0,0,0,tuning/tuning_results/tuning_run02.csv,preprocessed_data_k5.txt,lstm,
lstm,270.73366074562097,0.109531402587891,0.638840495617436,0.44242600486600897,0.8101706616310831,0.7114548930992529,0.807106244517759,0.699200351373418,0.95932141575802,0.902133095413913,0.493470344407799,0.811053528492919,15,both,15,tied,rbf,0.2,entropy,100,sqrt,0.6,0,ovr,auto,20,not minority,32,100,0.01,100,100,0.5,0,0,0,0,tuning/tuning_results/tuning_run02.csv,preprocessed_data_k5.txt,lstm,
lstm,209.62251901626598,0.10158843994140598,0.35646597528261403,0.35014522018283195,0.676676920577874,0.654093516426212,0.6513657541221489,0.628530583055115,0.8665407978807309,0.8421379693616841,0.954311617734025,1.04723382890503,15,both,15,tied,rbf,0.2,entropy,100,sqrt,0.6,0,ovr,auto,20,not minority,32,100,0.001,100,0,0.0,0,0,0,0,tuning/tuning_results/tuning_run02.csv,preprocessed_data_k5.txt,lstm,
lstm,267.621378135681,0.10859661102294901,0.371566341110576,0.348090395847551,0.660615843815673,0.624109160438032,0.701212443532075,0.623658364181643,0.8845911500330509,0.85782900864262,0.9271978393236221,1.01469106447598,15,both,15,tied,rbf,0.2,entropy,100,sqrt,0.6,0,ovr,auto,20,not minority,32,100,0.001,100,100,0.0,0,0,0,0,tuning/tuning_results/tuning_run02.csv,preprocessed_data_k5.txt,lstm,
lstm,210.12165627479598,0.10058846473693801,0.341885000079068,0.33836827001105607,0.6665245332439921,0.65383278289588,0.63875366328279,0.615622158912595,0.8642380376120881,0.8515774503745269,0.962215696294889,0.999742460170009,15,both,15,tied,rbf,0.2,entropy,100,sqrt,0.6,0,ovr,auto,20,not minority,32,100,0.001,100,0,0.2,0,0,0,0,tuning/tuning_results/tuning_run02.csv,preprocessed_data_k5.txt,lstm,
lstm,269.973577356339,0.107762241363525,0.46089942912621507,0.394449379287115,0.7460177260682851,0.7015470189466371,0.7379143547871241,0.6852479292732451,0.9250524692780671,0.8921729871748599,0.695273910643571,0.836079395317341,15,both,15,tied,rbf,0.2,entropy,100,sqrt,0.6,0,ovr,auto,20,not minority,32,100,0.001,100,100,0.2,0,0,0,0,tuning/tuning_results/tuning_run02.csv,preprocessed_data_k5.txt,lstm,
lstm,209.328553390503,0.10152502059936501,0.386111806419823,0.38065167036242603,0.72327637844039,0.7041543542499571,0.6825866278726989,0.661543803596905,0.9057803034497249,0.8845694426031229,0.7807704741282641,0.8614776936733979,15,both,15,tied,rbf,0.2,entropy,100,sqrt,0.6,0,ovr,auto,20,not minority,32,100,0.001,100,0,0.5,0,0,0,0,tuning/tuning_results/tuning_run02.csv,preprocessed_data_k5.txt,lstm,
lstm,268.893596982956,0.10867366790771499,0.43513371281293295,0.393223179015683,0.7665255484827259,0.701720841300191,0.7518112300159121,0.6638591617703461,0.937086403165953,0.8873797703253481,0.6414861386548499,0.870806100224757,15,both,15,tied,rbf,0.2,entropy,100,sqrt,0.6,0,ovr,auto,20,not minority,32,100,0.001,100,100,0.5,0,0,0,0,tuning/tuning_results/tuning_run02.csv,preprocessed_data_k5.txt,lstm,
lstm,321.74232006073,0.15470252037048302,0.47346908440344604,0.440163623746918,0.77179463750901,0.735094733182687,0.76274428306454,0.723912372242336,0.9403992251119531,0.9071823005141999,0.637012397813536,0.7973890705508859,15,both,15,tied,rbf,0.2,entropy,100,sqrt,0.6,0,ovr,auto,20,not minority,32,100,0.01,150,0,0.0,0,0,0,0,tuning/tuning_results/tuning_run02.csv,preprocessed_data_k5.txt,lstm,
lstm,404.89747395515406,0.188822937011719,0.6629267449938571,0.479449882288198,0.8112569670758081,0.726229793151399,0.812451332145976,0.727327160553295,0.96032440281234,0.91506459329964,0.49018653597324396,0.7862988977853329,15,both,15,tied,rbf,0.2,entropy,100,sqrt,0.6,0,ovr,auto,20,not minority,32,100,0.01,150,100,0.0,0,0,0,0,tuning/tuning_results/tuning_run02.csv,preprocessed_data_k5.txt,lstm,
lstm,317.11359381675703,0.154454278945923,0.627565414968209,0.48572215659657897,0.8021705804119841,0.7439596732139749,0.7982647590588051,0.7362569251619799,0.9542898951481429,0.9135852138801709,0.533216002353859,0.7574281627701179,15,both,15,tied,rbf,0.2,entropy,100,sqrt,0.6,0,ovr,auto,20,not minority,32,100,0.01,150,0,0.2,0,0,0,0,tuning/tuning_results/tuning_run02.csv,preprocessed_data_k5.txt,lstm,
lstm,407.05699968337996,0.186958742141724,0.703961053659448,0.49620411963507505,0.819338267393578,0.722144967842865,0.8164407644635391,0.7135982082197851,0.964824079969249,0.914388090912683,0.450042958953055,0.796429913197109,15,both,15,tied,rbf,0.2,entropy,100,sqrt,0.6,0,ovr,auto,20,not minority,32,100,0.01,150,100,0.2,0,0,0,0,tuning/tuning_results/tuning_run02.csv,preprocessed_data_k5.txt,lstm,
lstm,317.309218120575,0.151995420455933,0.56429566689885,0.448817148226999,0.805216296612148,0.7367460455414571,0.8034160985782629,0.723617324367873,0.9564239780044972,0.9113960677541171,0.5179733378889261,0.782995803786366,15,both,15,tied,rbf,0.2,entropy,100,sqrt,0.6,0,ovr,auto,20,not minority,32,100,0.01,150,0,0.5,0,0,0,0,tuning/tuning_results/tuning_run02.csv,preprocessed_data_k5.txt,lstm,
lstm,406.6631067276,0.18864674568176298,0.6733751004397729,0.516027269783324,0.769946903014244,0.699461150703981,0.7731909619968629,0.6902016744622961,0.9162776875821801,0.884579252981539,0.7723892123599749,0.990428962204538,15,both,15,tied,rbf,0.2,entropy,100,sqrt,0.6,0,ovr,auto,20,not minority,32,100,0.01,150,100,0.5,0,0,0,0,tuning/tuning_results/tuning_run02.csv,preprocessed_data_k5.txt,lstm,
lstm,316.522265291214,0.15124568939209,0.403057327188807,0.38454909351858707,0.7466877836323209,0.698331305405875,0.734994872866783,0.657526912025004,0.91954755655898,0.886283832277954,0.740554638037173,0.876701410018913,15,both,15,tied,rbf,0.2,entropy,100,sqrt,0.6,0,ovr,auto,20,not minority,32,100,0.001,150,0,0.0,0,0,0,0,tuning/tuning_results/tuning_run02.csv,preprocessed_data_k5.txt,lstm,
lstm,406.568064212799,0.18926005363464396,0.41467189974802005,0.34926900381063,0.735733357699063,0.658699808795411,0.727197998430253,0.6371314477059621,0.918552320497387,0.8704509783936429,0.7598384942899251,0.9582823351010691,15,both,15,tied,rbf,0.2,entropy,100,sqrt,0.6,0,ovr,auto,20,not minority,32,100,0.001,150,100,0.0,0,0,0,0,tuning/tuning_results/tuning_run02.csv,preprocessed_data_k5.txt,lstm,
lstm,317.331549596786,0.15232629776001,0.399202057628521,0.36568629808230796,0.720981938902933,0.6841647835911701,0.713735674621926,0.6435991129582901,0.902932897087052,0.880603629302958,0.7897209777136329,0.88847038392001,15,both,15,tied,rbf,0.2,entropy,100,sqrt,0.6,0,ovr,auto,20,not minority,32,100,0.001,150,0,0.2,0,0,0,0,tuning/tuning_results/tuning_run02.csv,preprocessed_data_k5.txt,lstm,
lstm,405.58715338707003,0.18826174736023002,0.466953513606752,0.41008985564511896,0.7714189991776569,0.7168433860594471,0.761632982267195,0.6895751960500159,0.9397265926024609,0.9077851148968,0.626418640786554,0.783846944631896,15,both,15,tied,rbf,0.2,entropy,100,sqrt,0.6,0,ovr,auto,20,not minority,32,100,0.001,150,100,0.2,0,0,0,0,tuning/tuning_results/tuning_run02.csv,preprocessed_data_k5.txt,lstm,
lstm,318.421335172653,0.15077886581420902,0.397967530402807,0.39010926321415296,0.728251048233992,0.698939683643317,0.6869101797667061,0.6581004389147199,0.912330469284022,0.889474650626104,0.755664411127398,0.851108936247879,15,both,15,tied,rbf,0.2,entropy,100,sqrt,0.6,0,ovr,auto,20,not minority,32,100,0.001,150,0,0.5,0,0,0,0,tuning/tuning_results/tuning_run02.csv,preprocessed_data_k5.txt,lstm,
lstm,404.648559474945,0.18842096328735397,0.462005141337381,0.393150491314231,0.74624107858963,0.68286111593951,0.7411728314541909,0.659930432005635,0.926303497079736,0.8855162355091071,0.6825582017910479,0.877733547823442,15,both,15,tied,rbf,0.2,entropy,100,sqrt,0.6,0,ovr,auto,20,not minority,32,100,0.001,150,100,0.5,0,0,0,0,tuning/tuning_results/tuning_run02.csv,preprocessed_data_k5.txt,lstm,
lstm,424.26339550018304,0.112463665008545,0.542529607590568,0.4091665280642921,0.789916648899989,0.717104119589779,0.7828399199771451,0.69200495991503,0.9501470679649681,0.9116918255481871,0.572395458472457,0.78280556347374,15,both,15,tied,rbf,0.2,entropy,100,sqrt,0.6,0,ovr,auto,20,not minority,8,100,0.01,50,0,0.0,0,0,0,0,tuning/tuning_results/tuning_run02.csv,preprocessed_data_k5.txt,lstm,
lstm,484.651529407501,0.120294904708862,0.719254274642947,0.471644697944265,0.8355414775784521,0.722840257257083,0.8332789303942322,0.7151038739319999,0.969253159045352,0.917466442310371,0.43989425505033203,0.8059296899562751,15,both,15,tied,rbf,0.2,entropy,100,sqrt,0.6,0,ovr,auto,20,not minority,8,100,0.01,50,100,0.0,0,0,0,0,tuning/tuning_results/tuning_run02.csv,preprocessed_data_k5.txt,lstm,
lstm,427.412420654297,0.112559843063355,0.730319896470067,0.467217874402944,0.835104924923096,0.705544933078394,0.8345681617162192,0.7000491741017709,0.968590467751279,0.90304166473955,0.43610155761399894,0.8606659802516929,15,both,15,tied,rbf,0.2,entropy,100,sqrt,0.6,0,ovr,auto,20,not minority,8,100,0.01,50,0,0.2,0,0,0,0,tuning/tuning_results/tuning_run02.csv,preprocessed_data_k5.txt,lstm,
lstm,483.888682508469,0.12134003639221198,0.6489516882859561,0.567570707518443,0.788901410166601,0.7204936554840949,0.790206670920922,0.7147970666173409,0.9535317970408199,0.9129938902626591,0.529067971616475,0.7551717644609591,15,both,15,tied,rbf,0.2,entropy,100,sqrt,0.6,0,ovr,auto,20,not minority,8,100,0.01,50,100,0.2,0,0,0,0,tuning/tuning_results/tuning_run02.csv,preprocessed_data_k5.txt,lstm,
lstm,424.205968809128,0.112836790084839,0.600604993208622,0.47247151244387997,0.802607133067341,0.7451764296888579,0.801559226271504,0.73975780986616,0.952290203212769,0.9194768967130121,0.535424001180031,0.744696961281698,15,both,15,tied,rbf,0.2,entropy,100,sqrt,0.6,0,ovr,auto,20,not minority,8,100,0.01,50,0,0.5,0,0,0,0,tuning/tuning_results/tuning_run02.csv,preprocessed_data_k5.txt,lstm,
lstm,487.314438676834,0.12105817794799802,0.673947775574422,0.45176787510558597,0.8193179626189101,0.7290978619850509,0.816976520756263,0.725384072602478,0.9619566212934301,0.916766013212228,0.47316435831501497,0.7779837372256709,15,both,15,tied,rbf,0.2,entropy,100,sqrt,0.6,0,ovr,auto,20,not minority,8,100,0.01,50,100,0.5,0,0,0,0,tuning/tuning_results/tuning_run02.csv,preprocessed_data_k5.txt,lstm,
lstm,435.31821079254206,0.11375994682311999,0.3937914626682371,0.387115444147966,0.71579406897532,0.689118720667478,0.6823985669843051,0.653774754325319,0.9031748818056491,0.880614627850665,0.796142981114109,0.8931032733547529,15,both,15,tied,rbf,0.2,entropy,100,sqrt,0.6,0,ovr,auto,20,not minority,8,100,0.001,50,0,0.0,0,0,0,0,tuning/tuning_results/tuning_run02.csv,preprocessed_data_k5.txt,lstm,
lstm,485.00619096756,0.12119874954223599,0.44285012188705297,0.37695372442052094,0.74851521335242,0.678428645923866,0.735833848964787,0.654857410757409,0.9303987160940629,0.875841770633948,0.709986378068018,0.947142062162415,15,both,15,tied,rbf,0.2,entropy,100,sqrt,0.6,0,ovr,auto,20,not minority,8,100,0.001,50,100,0.0,0,0,0,0,tuning/tuning_results/tuning_run02.csv,preprocessed_data_k5.txt,lstm,
lstm,425.970801115036,0.11333594322204599,0.398508723084079,0.37337366170488795,0.704484309485375,0.6754736659134359,0.698129029044548,0.6435512682972379,0.894752804510885,0.862962966673978,0.8313143328981021,0.949533244141978,15,both,15,tied,rbf,0.2,entropy,100,sqrt,0.6,0,ovr,auto,20,not minority,8,100,0.001,50,0,0.2,0,0,0,0,tuning/tuning_results/tuning_run02.csv,preprocessed_data_k5.txt,lstm,
lstm,486.61877698898303,0.119291114807129,0.5002697044863711,0.421259741667123,0.77647488806993,0.721362767251868,0.7718164320276422,0.703799200033683,0.9440279082890709,0.9007345271147479,0.6062511232405831,0.812496445121113,15,both,15,tied,rbf,0.2,entropy,100,sqrt,0.6,0,ovr,auto,20,not minority,8,100,0.001,50,100,0.2,0,0,0,0,tuning/tuning_results/tuning_run02.csv,preprocessed_data_k5.txt,lstm,
lstm,431.009470796585,0.11384596824646,0.39844761424365704,0.39388791203609996,0.735865338734403,0.7148444289935691,0.696003763829257,0.6733978475405901,0.9173221984182242,0.900250875721737,0.7388841487622979,0.8072847439727799,15,both,15,tied,rbf,0.2,entropy,100,sqrt,0.6,0,ovr,auto,20,not minority,8,100,0.001,50,0,0.5,0,0,0,0,tuning/tuning_results/tuning_run02.csv,preprocessed_data_k5.txt,lstm,
lstm,488.656178474426,0.120415210723877,0.49104649124197497,0.403212445461032,0.772545914171718,0.713106205458022,0.7676486280779101,0.6893688286477889,0.938423120401719,0.90264615951151,0.624033139526735,0.803043221334088,15,both,15,tied,rbf,0.2,entropy,100,sqrt,0.6,0,ovr,auto,20,not minority,8,100,0.001,50,100,0.5,0,0,0,0,tuning/tuning_results/tuning_run02.csv,preprocessed_data_k5.txt,lstm,
lstm,515.0047900199891,0.131768083572388,0.473603027538517,0.42083465646963597,0.798627397232459,0.714757517816791,0.7930708312722579,0.7035164679482789,0.9572170153293829,0.9151110400636558,0.548398551092993,0.768941009799598,15,both,15,tied,rbf,0.2,entropy,100,sqrt,0.6,0,ovr,auto,20,not minority,8,100,0.01,100,0,0.0,0,0,0,0,tuning/tuning_results/tuning_run02.csv,preprocessed_data_k5.txt,lstm,
lstm,592.629247379303,0.157797193527222,0.6661226143742621,0.5465240200107171,0.859338673489071,0.7285763949243871,0.858053290987479,0.73364998491295,0.97708629403931,0.9168753338040758,0.38443051239075293,0.778281810460306,15,both,15,tied,rbf,0.2,entropy,100,sqrt,0.6,0,ovr,auto,20,not minority,8,100,0.01,100,100,0.0,0,0,0,0,tuning/tuning_results/tuning_run02.csv,preprocessed_data_k5.txt,lstm,
lstm,517.625561523438,0.129299449920654,0.7182248239837199,0.478940505807036,0.822008345262388,0.7336172431774729,0.8204127194891371,0.720977745166524,0.9629249734255941,0.917231377858481,0.460143460799236,0.758469963606657,15,both,15,tied,rbf,0.2,entropy,100,sqrt,0.6,0,ovr,auto,20,not minority,8,100,0.01,100,0,0.2,0,0,0,0,tuning/tuning_results/tuning_run02.csv,preprocessed_data_k5.txt,lstm,
lstm,591.347110462189,0.155676603317261,0.7461404307606709,0.639006940146723,0.860729550553813,0.727794194333391,0.8591732698346328,0.727616750286389,0.97642256246023,0.915424285025,0.368080542540747,0.7845439174494631,15,both,15,tied,rbf,0.2,entropy,100,sqrt,0.6,0,ovr,auto,20,not minority,8,100,0.01,100,100,0.2,0,0,0,0,tuning/tuning_results/tuning_run02.csv,preprocessed_data_k5.txt,lstm,
lstm,512.684373998642,0.128669118881226,0.640257725849178,0.465468032222487,0.812718910851887,0.739005736137667,0.814074082382489,0.7322422377504342,0.9566304251229342,0.914257433146972,0.536828888629277,0.784857002635514,15,both,15,tied,rbf,0.2,entropy,100,sqrt,0.6,0,ovr,auto,20,not minority,8,100,0.01,100,0,0.5,0,0,0,0,tuning/tuning_results/tuning_run02.csv,preprocessed_data_k5.txt,lstm,
lstm,595.118390464783,0.15802016258239698,0.658245550681179,0.47924011087951796,0.8122722058091959,0.723535546671302,0.8106890211386558,0.71782209111315,0.959463801327914,0.9065716941570319,0.495391638929656,0.811774554141884,15,both,15,tied,rbf,0.2,entropy,100,sqrt,0.6,0,ovr,auto,20,not minority,8,100,0.01,100,100,0.5,0,0,0,0,tuning/tuning_results/tuning_run02.csv,preprocessed_data_k5.txt,lstm,
lstm,515.721403932571,0.127632761001587,0.373757456462932,0.35720847964686997,0.7203118813388969,0.6921606118546839,0.680716360200462,0.649825963784041,0.9048388301649151,0.879964367712398,0.818328785933405,0.9107616320955,15,both,15,tied,rbf,0.2,entropy,100,sqrt,0.6,0,ovr,auto,20,not minority,8,100,0.001,100,0,0.0,0,0,0,0,tuning/tuning_results/tuning_run02.csv,preprocessed_data_k5.txt,lstm,
lstm,590.916900920868,0.154940462112427,0.542337526064,0.38048174892131204,0.784018111859004,0.7097166695637059,0.7774922232158,0.6758749075832641,0.948425073194964,0.9046473630865179,0.590917084587407,0.825838707340374,15,both,15,tied,rbf,0.2,entropy,100,sqrt,0.6,0,ovr,auto,20,not minority,8,100,0.001,100,100,0.0,0,0,0,0,tuning/tuning_results/tuning_run02.csv,preprocessed_data_k5.txt,lstm,
lstm,512.76567401886,0.12987995147705098,0.46011397623420397,0.397526355148559,0.755469598676129,0.7157135407613421,0.7520420274734829,0.6813784237007611,0.931860921507075,0.899933826128687,0.661147248712976,0.8015647881477199,15,both,15,tied,rbf,0.2,entropy,100,sqrt,0.6,0,ovr,auto,20,not minority,8,100,0.001,100,0,0.2,0,0,0,0,tuning/tuning_results/tuning_run02.csv,preprocessed_data_k5.txt,lstm,
lstm,594.962483930588,0.156809329986572,0.575248537544048,0.45013442210689203,0.783500340104976,0.726055970797845,0.7789844625909309,0.707227747626621,0.946140412228162,0.912085323214986,0.574827333758532,0.751701507461593,15,both,15,tied,rbf,0.2,entropy,100,sqrt,0.6,0,ovr,auto,20,not minority,8,100,0.001,100,100,0.2,0,0,0,0,tuning/tuning_results/tuning_run02.csv,preprocessed_data_k5.txt,lstm,
lstm,515.888904714584,0.130467367172241,0.44832203637143897,0.40612100110164895,0.758972172306318,0.7107596036850341,0.7579436519714939,0.6887481962140181,0.932936883225768,0.889528764370499,0.662706364228183,0.8423712578140842,15,both,15,tied,rbf,0.2,entropy,100,sqrt,0.6,0,ovr,auto,20,not minority,8,100,0.001,100,0,0.5,0,0,0,0,tuning/tuning_results/tuning_run02.csv,preprocessed_data_k5.txt,lstm,
lstm,589.835345888138,0.152764940261841,0.5440869935024699,0.448423442786985,0.7890435435892751,0.731009907874153,0.7861354615995009,0.7149098162230308,0.948078531960047,0.91467104500932,0.570713968968418,0.756393108944874,15,both,15,tied,rbf,0.2,entropy,100,sqrt,0.6,0,ovr,auto,20,not minority,8,100,0.001,100,100,0.5,0,0,0,0,tuning/tuning_results/tuning_run02.csv,preprocessed_data_k5.txt,lstm,
lstm,788.931831598282,0.23061480522155803,0.6437766049893039,0.46340615275332303,0.8018457040173,0.690596210672693,0.80645787071785,0.689411607843464,0.959044485974167,0.8952306807616921,0.5361562070732321,0.927527879135313,15,both,15,tied,rbf,0.2,entropy,100,sqrt,0.6,0,ovr,auto,20,not minority,8,100,0.01,150,0,0.0,0,0,0,0,tuning/tuning_results/tuning_run02.csv,preprocessed_data_k5.txt,lstm,
lstm,922.5928748130801,0.24222297668457002,0.6993084163999771,0.506853757067106,0.847470532695763,0.7186685207717709,0.848044918586376,0.7275262469034649,0.9735310949522701,0.90750722578275,0.398499095605423,0.857544556982062,15,both,15,tied,rbf,0.2,entropy,100,sqrt,0.6,0,ovr,auto,20,not minority,8,100,0.01,150,100,0.0,0,0,0,0,tuning/tuning_results/tuning_run02.csv,preprocessed_data_k5.txt,lstm,
lstm,790.238792419434,0.229222297668457,0.728436030607783,0.5938256044057371,0.857917339262328,0.730053884929602,0.8573290054625529,0.732143168665109,0.9758603789716619,0.9149152629151641,0.37780621637250106,0.77004509416023,15,both,15,tied,rbf,0.2,entropy,100,sqrt,0.6,0,ovr,auto,20,not minority,8,100,0.01,150,0,0.2,0,0,0,0,tuning/tuning_results/tuning_run02.csv,preprocessed_data_k5.txt,lstm,
lstm,925.5275840282441,0.241359329223633,0.6794438976676559,0.47336363218213,0.8178255616808291,0.713801494872241,0.8161844891953058,0.708786112110378,0.96196288227639,0.9123622068871741,0.48064588449163603,0.8325263778048461,15,both,15,tied,rbf,0.2,entropy,100,sqrt,0.6,0,ovr,auto,20,not minority,8,100,0.01,150,100,0.2,0,0,0,0,tuning/tuning_results/tuning_run02.csv,preprocessed_data_k5.txt,lstm,
lstm,781.5042455196381,0.22871422767639202,0.6701552758792579,0.45426778811729795,0.827561701134022,0.706674778376499,0.8254996654571609,0.6987763826359069,0.9633524214809901,0.8980945093808108,0.464618793038008,0.8653610596996221,15,both,15,tied,rbf,0.2,entropy,100,sqrt,0.6,0,ovr,auto,20,not minority,8,100,0.01,150,0,0.5,0,0,0,0,tuning/tuning_results/tuning_run02.csv,preprocessed_data_k5.txt,lstm,
lstm,920.4859550476069,0.241124200820923,0.729723114003779,0.4582977205499121,0.847978152062458,0.7174517642968891,0.846479421456291,0.7060581088589131,0.973866699606542,0.9119447585437371,0.387134237179918,0.8179290269461541,15,both,15,tied,rbf,0.2,entropy,100,sqrt,0.6,0,ovr,auto,20,not minority,8,100,0.01,150,100,0.5,0,0,0,0,tuning/tuning_results/tuning_run02.csv,preprocessed_data_k5.txt,lstm,
lstm,784.906263780594,0.231746006011963,0.38656397337490095,0.37090181434601704,0.737560787419162,0.6928559012689031,0.7032972296571679,0.65533989449727,0.918246360324118,0.8926408824797629,0.762863956651053,0.8597156892516209,15,both,15,tied,rbf,0.2,entropy,100,sqrt,0.6,0,ovr,auto,20,not minority,8,100,0.001,150,0,0.0,0,0,0,0,tuning/tuning_results/tuning_run02.csv,preprocessed_data_k5.txt,lstm,
lstm,922.022534799576,0.24116907119751002,0.618695295985041,0.441456896382733,0.8158356937633889,0.730575351990266,0.812869040627525,0.722149790058963,0.963337185983805,0.9131462911644301,0.492742945716575,0.7901249990038629,15,both,15,tied,rbf,0.2,entropy,100,sqrt,0.6,0,ovr,auto,20,not minority,8,100,0.001,150,100,0.0,0,0,0,0,tuning/tuning_results/tuning_run02.csv,preprocessed_data_k5.txt,lstm,
lstm,791.700758600235,0.23252348899841302,0.45931332918310797,0.41432603498675,0.7564949897968509,0.7124978272205809,0.754063309611744,0.684619947930973,0.930970999814234,0.8996134185765501,0.664568823964403,0.82077002124404,15,both,15,tied,rbf,0.2,entropy,100,sqrt,0.6,0,ovr,auto,20,not minority,8,100,0.001,150,0,0.2,0,0,0,0,tuning/tuning_results/tuning_run02.csv,preprocessed_data_k5.txt,lstm,
lstm,929.877214336395,0.24211106300354,0.5796374412680301,0.435279128131346,0.794038518157545,0.7002433512949761,0.789407874273648,0.688286871463453,0.949865239082364,0.8848501114791321,0.557349789260639,0.900460866944447,15,both,15,tied,rbf,0.2,entropy,100,sqrt,0.6,0,ovr,auto,20,not minority,8,100,0.001,150,100,0.2,0,0,0,0,tuning/tuning_results/tuning_run02.csv,preprocessed_data_k5.txt,lstm,
lstm,793.835600328446,0.23026022911071803,0.433125861341262,0.427876237042856,0.764931623671306,0.7385711802537809,0.7534909867965209,0.7232004909841421,0.936981497627282,0.9095823863457809,0.6381757818342421,0.7603196564812259,15,both,15,tied,rbf,0.2,entropy,100,sqrt,0.6,0,ovr,auto,20,not minority,8,100,0.001,150,0,0.5,0,0,0,0,tuning/tuning_results/tuning_run02.csv,preprocessed_data_k5.txt,lstm,
lstm,939.030513334274,0.241627311706543,0.570773144628407,0.4122735765699871,0.8005868079878979,0.717191030766556,0.7977131902505059,0.696315642135845,0.95290973175576,0.908780926601475,0.536097283761172,0.796333965285396,15,both,15,tied,rbf,0.2,entropy,100,sqrt,0.6,0,ovr,auto,20,not minority,8,100,0.001,150,100,0.5,0,0,0,0,tuning/tuning_results/tuning_run02.csv,preprocessed_data_k5.txt,lstm,
blstm,541.7283874511719,0.14111366271972656,0.6453434910548106,0.4656481017140339,0.8065462593528868,0.7179732313575525,0.8056097576377189,0.6890905449459548,0.9564955348589128,0.9075282718150809,0.5268008146188953,0.8027218542629486,15,both,15,tied,rbf,0.2,entropy,100,sqrt,0.6,0,ovr,auto,20,not minority,8,100,0.01,50,0,0.0,0,0,0,0,tuning/tuning_results/tuning_run03.csv,preprocessed_data_k5.txt,blstm,
blstm,720.984387254715,0.14764299392700195,0.7127541053727607,0.4599659727962943,0.8445872546929408,0.7188423431253259,0.8440427737088455,0.7123041746339959,0.9711541628081936,0.9047495245505424,0.4087901502563055,0.9381225914036324,15,both,15,tied,rbf,0.2,entropy,100,sqrt,0.6,0,ovr,auto,20,not minority,8,100,0.01,50,100,0.0,0,0,0,0,tuning/tuning_results/tuning_run03.csv,preprocessed_data_k5.txt,blstm,
blstm,533.8536921977997,0.14040751457214354,0.6701741293749509,0.5653527257883444,0.805673154042173,0.7350947331826873,0.8082698159106838,0.7367688946939066,0.9581846124139826,0.9221944677510464,0.5003744187077701,0.7234123171441921,15,both,15,tied,rbf,0.2,entropy,100,sqrt,0.6,0,ovr,auto,20,not minority,8,100,0.01,50,0,0.2,0,0,0,0,tuning/tuning_results/tuning_run03.csv,preprocessed_data_k5.txt,blstm,
blstm,723.8490951538084,0.15011396408081054,0.7695423120864923,0.4799386563825685,0.8630341424786039,0.7241439249087432,0.8629452160022008,0.7208334021429446,0.9778441446832308,0.909497726924862,0.35589803148157123,0.8542292118185817,15,both,15,tied,rbf,0.2,entropy,100,sqrt,0.6,0,ovr,auto,20,not minority,8,100,0.01,50,100,0.2,0,0,0,0,tuning/tuning_results/tuning_run03.csv,preprocessed_data_k5.txt,blstm,
blstm,702.4480088710785,0.19720878601074215,0.5773106629867062,0.4311550411515226,0.8286886161280825,0.7036328871892925,0.8232196738614952,0.6823796517651469,0.9660750267585808,0.9026308440799744,0.4760707521142945,0.8665031927729995,15,both,15,tied,rbf,0.2,entropy,100,sqrt,0.6,0,ovr,auto,20,not minority,8,100,0.01,100,0,0.0,0,0,0,0,tuning/tuning_results/tuning_run03.csv,preprocessed_data_k5.txt,blstm,
blstm,980.426261806488,0.2110009670257568,0.6078081949947279,0.3833872833172885,0.755104112732109,0.6343646792977576,0.7994073138673811,0.6481203236767092,0.942760978760788,0.8484798405937259,0.6472126429880791,1.159994996388554,15,both,15,tied,rbf,0.2,entropy,100,sqrt,0.6,0,ovr,auto,20,not minority,8,100,0.01,100,100,0.0,0,0,0,0,tuning/tuning_results/tuning_run03.csv,preprocessed_data_k5.txt,blstm,
blstm,703.7700345039368,0.19922184944152832,0.7460347593643062,0.4997435054257902,0.8428105869095117,0.7178863201807753,0.8439232067310036,0.7148601736026877,0.9694354503066,0.8940440431657694,0.4172010646122553,0.915202665053036,15,both,15,tied,rbf,0.2,entropy,100,sqrt,0.6,0,ovr,auto,20,not minority,8,100,0.01,100,0,0.2,0,0,0,0,tuning/tuning_results/tuning_run03.csv,preprocessed_data_k5.txt,blstm,
blstm,981.0369999408722,0.21081485748291012,0.7353179291777755,0.4848826171497905,0.8444755784322684,0.6885972536068138,0.845205069879512,0.6902843079526919,0.9716002461810066,0.9002611582698551,0.4073099849925265,0.8456007531937367,15,both,15,tied,rbf,0.2,entropy,100,sqrt,0.6,0,ovr,auto,20,not minority,8,100,0.01,100,100,0.2,0,0,0,0,tuning/tuning_results/tuning_run03.csv,preprocessed_data_k5.txt,blstm,
blstm,1165.9509221553806,0.3128164291381836,0.4973573422976593,0.4128653890123745,0.7531142448146682,0.6861637406570485,0.7511647057710136,0.6666358063929423,0.9239607438467023,0.8582819649523716,0.7747229085817171,1.0854895745618185,15,both,15,tied,rbf,0.2,entropy,100,sqrt,0.6,0,ovr,auto,20,not minority,8,100,0.01,150,0,0.0,0,0,0,0,tuning/tuning_results/tuning_run03.csv,preprocessed_data_k5.txt,blstm,
blstm,1592.1556334018708,0.3326110363006592,0.8681911276797355,0.4953057374369377,0.9014913856993472,0.7052841995480619,0.904220241075583,0.705549665504043,0.9867160692476304,0.8958318063473044,0.26695922487231205,1.0439471916130516,15,both,15,tied,rbf,0.2,entropy,100,sqrt,0.6,0,ovr,auto,20,not minority,8,100,0.01,150,100,0.0,0,0,0,0,tuning/tuning_results/tuning_run03.csv,preprocessed_data_k5.txt,blstm,
blstm,1169.987355518341,0.3139542579650879,0.7195265487925235,0.5160791762608711,0.8260896049706088,0.7285763949243873,0.8245500210419753,0.7291359712828197,0.9631658280604722,0.9172375929343204,0.4656555057928999,0.7621282169996187,15,both,15,tied,rbf,0.2,entropy,100,sqrt,0.6,0,ovr,auto,20,not minority,8,100,0.01,150,0,0.2,0,0,0,0,tuning/tuning_results/tuning_run03.csv,preprocessed_data_k5.txt,blstm,
blstm,1613.6236391067505,0.3338269710540772,0.7997603232421099,0.4913400818708196,0.8860597569518472,0.7238831913784113,0.8854367588660981,0.7163597106226837,0.9824874507923128,0.9090283603032312,0.31020235822278525,0.8926256625898132,15,both,15,tied,rbf,0.2,entropy,100,sqrt,0.6,0,ovr,auto,20,not minority,8,100,0.01,150,100,0.2,0,0,0,0,tuning/tuning_results/tuning_run03.csv,preprocessed_data_k5.txt,blstm,
enc_dec,1599.9136424064636,0.4405901908874512,0.14285714285714285,0.14285714285714285,0.27044944618727096,0.25430210325047803,0.07314290294300158,0.06466955971761679,0.5,0.5,1.945910096168518,1.945910096168518,15,both,15,tied,rbf,0.2,entropy,100,sqrt,0.6,0,ovr,auto,20,not minority,8,100,0.001,150,0,0.2,0,0,0,0,tuning/tuning_results/tuning_run05.csv,preprocessed_data_k5.txt,enc_dec,
enc_dec,3667.465151166916,1.2736956596374511,0.4261162309841029,0.31605070687340164,0.6871744890811075,0.5686598296540936,0.6804649272936643,0.5516596069387723,0.8978417008878125,0.8070717678716662,0.7647302445487918,1.1466527833850926,15,both,15,tied,rbf,0.2,entropy,100,sqrt,0.6,0,ovr,auto,20,not minority,8,100,0.001,150,0,0.2,1,0,0,0,tuning/tuning_results/tuning_run05.csv,preprocessed_data_k5.txt,enc_dec,
enc_dec,2362.640343570709,0.560197401046753,0.14285714285714285,0.14285714285714285,0.27044944618727096,0.25430210325047803,0.07314290294300158,0.06466955971761679,0.5,0.5,1.945910096168518,1.945910096168518,15,both,15,tied,rbf,0.2,entropy,100,sqrt,0.6,0,ovr,auto,20,not minority,8,100,0.001,150,0,0.2,0,1,0,0,tuning/tuning_results/tuning_run05.csv,preprocessed_data_k5.txt,enc_dec,
enc_dec,4544.553701305389,1.4244937419891357,0.3900413011772977,0.3184737778919682,0.6680270865694068,0.6001216756474883,0.6579496129981082,0.5662255974986988,0.8817746223453143,0.8206557032749984,0.8385570555065225,1.0600700297211756,15,both,15,tied,rbf,0.2,entropy,100,sqrt,0.6,0,ovr,auto,20,not minority,8,100,0.001,150,0,0.2,1,1,0,0,tuning/tuning_results/tuning_run05.csv,preprocessed_data_k5.txt,enc_dec,
enc_dec,1753.9102039813995,0.4512541770935058,0.14285714285714285,0.14285714285714285,0.27044944618727096,0.25430210325047803,0.07314290294300158,0.06466955971761679,0.5,0.5,1.945910096168518,1.945910096168518,15,both,15,tied,rbf,0.2,entropy,100,sqrt,0.6,0,ovr,auto,20,not minority,8,100,0.001,150,100,0.2,0,0,0,0,tuning/tuning_results/tuning_run05.csv,preprocessed_data_k5.txt,enc_dec,
enc_dec,3817.66691031456,1.292504405975342,0.4649574839687046,0.3361473612832745,0.7054081767327587,0.5647488266991135,0.711456923808271,0.5794389492681267,0.911209205674434,0.7933661037829142,0.7103211520670667,1.1999983669226035,15,both,15,tied,rbf,0.2,entropy,100,sqrt,0.6,0,ovr,auto,20,not minority,8,100,0.001,150,100,0.2,1,0,0,0,tuning/tuning_results/tuning_run05.csv,preprocessed_data_k5.txt,enc_dec,
enc_dec,2808.5301163673407,0.5782643795013428,0.14285714285714285,0.14285714285714285,0.27044944618727096,0.25430210325047803,0.07314290294300158,0.06466955971761679,0.5,0.5,1.945910096168518,1.945910096168518,15,both,15,tied,rbf,0.2,entropy,100,sqrt,0.6,0,ovr,auto,20,not minority,8,100,0.001,150,100,0.2,0,1,0,0,tuning/tuning_results/tuning_run05.csv,preprocessed_data_k5.txt,enc_dec,
enc_dec,4915.515879535675,1.4332178115844727,0.4456916453957272,0.34676689695073,0.7240073503284298,0.6440987310968189,0.7216713666988851,0.6299866813393843,0.9161010585159409,0.8463391902212102,0.7066010961778811,0.993520020994994,15,both,15,tied,rbf,0.2,entropy,100,sqrt,0.6,0,ovr,auto,20,not minority,8,100,0.001,150,100,0.2,1,1,0,0,tuning/tuning_results/tuning_run05.csv,preprocessed_data_k5.txt,enc_dec,
enc_dec,1613.289661693573,0.43232474327087395,0.1817584339219957,0.16137440917017015,0.3999939085675997,0.3376499217799409,0.3200273703320242,0.24724019137886105,0.6065488049739027,0.5621422597478445,1.7644189732408941,1.82619566752841,15,both,15,tied,rbf,0.2,entropy,100,sqrt,0.6,0,ovr,auto,20,not minority,8,100,0.0001,150,0,0.2,0,0,0,0,tuning/tuning_results/tuning_run05.csv,preprocessed_data_k5.txt,enc_dec,
enc_dec,3692.493710660935,1.285926103591919,0.2914092753239795,0.2776347566588702,0.5943309069127606,0.5613592908047975,0.5548987734915274,0.5200304271659777,0.8166584247179659,0.7870439135954013,1.031013449527492,1.109871054006368,15,both,15,tied,rbf,0.2,entropy,100,sqrt,0.6,0,ovr,auto,20,not minority,8,100,0.0001,150,0,0.2,1,0,0,0,tuning/tuning_results/tuning_run05.csv,preprocessed_data_k5.txt,enc_dec,
enc_dec,2353.115597105026,0.5561329841613769,0.19952547291856604,0.20313373503511706,0.4532533325211424,0.4291673909264732,0.3368181278014425,0.3357340460285987,0.6551404638223494,0.6544364072854001,1.7075278161434335,1.741905165269295,15,both,15,tied,rbf,0.2,entropy,100,sqrt,0.6,0,ovr,auto,20,not minority,8,100,0.0001,150,0,0.2,0,1,0,0,tuning/tuning_results/tuning_run05.csv,preprocessed_data_k5.txt,enc_dec,
enc_dec,4476.8929907798765,1.420206880569458,0.31835446951774793,0.2810923132348869,0.6342805510715844,0.5568399096123762,0.6109509862210604,0.5156713798426293,0.8565880556589968,0.7881357638707928,0.9261596155682772,1.1153531221877842,15,both,15,tied,rbf,0.2,entropy,100,sqrt,0.6,0,ovr,auto,20,not minority,8,100,0.0001,150,0,0.2,1,1,0,0,tuning/tuning_results/tuning_run05.csv,preprocessed_data_k5.txt,enc_dec,
enc_dec,1757.4167871952054,0.4537092208862305,0.16096973140720114,0.17253704733073089,0.3199626392146113,0.3341734747088476,0.3642251516968962,0.3641702395075351,0.546006540738892,0.5726494297011321,1.86695900108846,1.827187364777544,15,both,15,tied,rbf,0.2,entropy,100,sqrt,0.6,0,ovr,auto,20,not minority,8,100,0.0001,150,100,0.2,0,0,0,0,tuning/tuning_results/tuning_run05.csv,preprocessed_data_k5.txt,enc_dec,
enc_dec,3811.212171888351,1.297136163711548,0.28216406933916616,0.26548801684293466,0.5896303515771734,0.5499739266469668,0.5451937282503166,0.515700432968847,0.8243321697846332,0.7897476858271156,1.011779826711264,1.0991341685142912,15,both,15,tied,rbf,0.2,entropy,100,sqrt,0.6,0,ovr,auto,20,not minority,8,100,0.0001,150,100,0.2,1,0,0,0,tuning/tuning_results/tuning_run05.csv,preprocessed_data_k5.txt,enc_dec,
enc_dec,2764.771042203903,0.5740446090698242,0.20456328085411726,0.19501301872652554,0.4742586219149433,0.4244741873804971,0.334738845528531,0.3036564206510323,0.6710185744984105,0.6602863263023124,1.6624922703826297,1.7056457702748449,15,both,15,tied,rbf,0.2,entropy,100,sqrt,0.6,0,ovr,auto,20,not minority,8,100,0.0001,150,100,0.2,0,1,0,0,tuning/tuning_results/tuning_run05.csv,preprocessed_data_k5.txt,enc_dec,
enc_dec,4927.144443559647,1.4382222175598145,0.32600886928765843,0.2923923018136137,0.6229606391943066,0.5851729532417869,0.6114956055943692,0.5510338433286718,0.8507379999047022,0.8133798975785901,0.9319790140362167,1.0545414074507973,15,both,15,tied,rbf,0.2,entropy,100,sqrt,0.6,0,ovr,auto,20,not minority,8,100,0.0001,150,100,0.2,1,1,0,0,tuning/tuning_results/tuning_run05.csv,preprocessed_data_k5.txt,enc_dec,
enc_dec,1634.76848692894,0.4470882415771485,0.14285714285714285,0.14285714285714285,0.27044944618727096,0.25430210325047803,0.07314290294300158,0.06466955971761679,0.5,0.5,1.945910096168518,1.945910096168518,15,both,15,tied,rbf,0.2,entropy,100,sqrt,0.6,0,ovr,auto,20,not minority,8,100,0.001,150,0,0.2,0,0,1,0,tuning/tuning_results/tuning_run05.csv,preprocessed_data_k5.txt,enc_dec,
enc_dec,3694.2281988620757,1.2894473552703858,0.1804497243175308,0.17130328438653494,0.4408369628118052,0.4116982443942291,0.3829062634328355,0.345410333974807,0.6766028364910425,0.6256581395210705,1.2385450018481745,1.2976447324822649,15,both,15,tied,rbf,0.2,entropy,100,sqrt,0.6,0,ovr,auto,20,not minority,8,100,0.001,150,0,0.2,1,0,1,0,tuning/tuning_results/tuning_run05.csv,preprocessed_data_k5.txt,enc_dec,
enc_dec,2345.288873004913,0.5587679386138916,0.14285714285714285,0.14285714285714285,0.27044944618727096,0.25430210325047803,0.07314290294300158,0.06466955971761679,0.5,0.5,1.945910096168518,1.945910096168518,15,both,15,tied,rbf,0.2,entropy,100,sqrt,0.6,0,ovr,auto,20,not minority,8,100,0.001,150,0,0.2,0,1,1,0,tuning/tuning_results/tuning_run05.csv,preprocessed_data_k5.txt,enc_dec,
enc_dec,4465.1266265392305,1.419537401199341,0.2662775552982919,0.25141532826152097,0.5965339749642128,0.5617938466886842,0.5367645149807719,0.5010417501989128,0.8314183912340339,0.7953337090007083,0.987592844441478,1.0829009254274098,15,both,15,tied,rbf,0.2,entropy,100,sqrt,0.6,0,ovr,auto,20,not minority,8,100,0.001,150,0,0.2,1,1,1,0,tuning/tuning_results/tuning_run05.csv,preprocessed_data_k5.txt,enc_dec,
enc_dec,1754.6335059642793,0.4484893321990967,0.14378595767734675,0.14375708286114258,0.2730078477954091,0.25664870502346604,0.3012787988036534,0.2445846903603631,0.501521749902989,0.5011526846179325,1.9454130748185805,1.9454929853094864,15,both,15,tied,rbf,0.2,entropy,100,sqrt,0.6,0,ovr,auto,20,not minority,8,100,0.001,150,100,0.2,0,0,1,0,tuning/tuning_results/tuning_run05.csv,preprocessed_data_k5.txt,enc_dec,
enc_dec,3814.2972935199737,1.2883045196533205,0.15573710818389436,0.14431890690885704,0.3981766312348349,0.362680340691813,0.3334239569498029,0.26759301661669577,0.6029297305332972,0.5592510579346252,1.314009710661192,1.3583986995382018,15,both,15,tied,rbf,0.2,entropy,100,sqrt,0.6,0,ovr,auto,20,not minority,8,100,0.001,150,100,0.2,1,0,1,0,tuning/tuning_results/tuning_run05.csv,preprocessed_data_k5.txt,enc_dec,
enc_dec,2790.619990253449,0.5797007560729981,0.14285714285714285,0.14285714285714285,0.27044944618727096,0.25430210325047803,0.07314290294300158,0.06466955971761679,0.5,0.5,1.945910096168518,1.945910096168518,15,both,15,tied,rbf,0.2,entropy,100,sqrt,0.6,0,ovr,auto,20,not minority,8,100,0.001,150,100,0.2,0,1,1,0,tuning/tuning_results/tuning_run05.csv,preprocessed_data_k5.txt,enc_dec,
enc_dec,4948.204911708832,1.4373517513275147,0.25567371998483185,0.2482464035382437,0.5793561355952852,0.5557100643142708,0.5130511191328311,0.4941641614098016,0.8230645544873959,0.7819878480018098,1.0072262625305983,1.15190205573223,15,both,15,tied,rbf,0.2,entropy,100,sqrt,0.6,0,ovr,auto,20,not minority,8,100,0.001,150,100,0.2,1,1,1,0,tuning/tuning_results/tuning_run05.csv,preprocessed_data_k5.txt,enc_dec,
enc_dec,1613.6425397872924,0.4391887187957764,0.16203673531619026,0.17986385778883826,0.34317099665986456,0.3769337736832957,0.2865175824051572,0.2928257185417077,0.5486715755557897,0.57985926567078,1.8910037990234787,1.8683339798893903,15,both,15,tied,rbf,0.2,entropy,100,sqrt,0.6,0,ovr,auto,20,not minority,8,100,0.0001,150,0,0.2,0,0,1,0,tuning/tuning_results/tuning_run05.csv,preprocessed_data_k5.txt,enc_dec,
enc_dec,3682.230169916153,1.2926111698150635,0.2524376577272843,0.2645094538727069,0.5670108325972852,0.5883886667825482,0.5032237718996617,0.5240031717898485,0.8001036657308099,0.7799200197707521,1.0734763655641242,1.1243176881237515,15,both,15,tied,rbf,0.2,entropy,100,sqrt,0.6,0,ovr,auto,20,not minority,8,100,0.0001,150,0,0.2,1,0,1,0,tuning/tuning_results/tuning_run05.csv,preprocessed_data_k5.txt,enc_dec,
enc_dec,2339.580501365662,0.5570545196533203,0.17030296348691207,0.16919501262957312,0.3739530350561935,0.3492091082913263,0.3737391055320437,0.3723985577354689,0.5645346990670136,0.5465434730552557,1.7588620099025054,1.7795887715724703,15,both,15,tied,rbf,0.2,entropy,100,sqrt,0.6,0,ovr,auto,20,not minority,8,100,0.0001,150,0,0.2,0,1,1,0,tuning/tuning_results/tuning_run05.csv,preprocessed_data_k5.txt,enc_dec,
enc_dec,4471.037545633316,1.412195920944214,0.26547742170973354,0.2705891389521477,0.5870211880323658,0.5604901790370241,0.5348814530155862,0.5239310864813606,0.8100331760601968,0.7871297369947786,1.0546579857915013,1.1093681482735789,15,both,15,tied,rbf,0.2,entropy,100,sqrt,0.6,0,ovr,auto,20,not minority,8,100,0.0001,150,0,0.2,1,1,1,0,tuning/tuning_results/tuning_run05.csv,preprocessed_data_k5.txt,enc_dec,
enc_dec,1741.3115183353425,0.4490834712982178,0.1531229640329171,0.14830073073734024,0.3164093036477528,0.2912393533808448,0.2536879455287872,0.2197354488386802,0.5093590597696634,0.5011573722454333,1.9129039528259797,1.9168363720846864,15,both,15,tied,rbf,0.2,entropy,100,sqrt,0.6,0,ovr,auto,20,not minority,8,100,0.0001,150,100,0.2,0,0,1,0,tuning/tuning_results/tuning_run05.csv,preprocessed_data_k5.txt,enc_dec,
enc_dec,3847.6043964385995,1.2937702655792236,0.23879239104038705,0.23766192846631345,0.5528584046538544,0.5418042760298974,0.4805862361367228,0.4730672302107642,0.7789805626163606,0.7523182923778473,1.1215540679794451,1.1843256180662085,15,both,15,tied,rbf,0.2,entropy,100,sqrt,0.6,0,ovr,auto,20,not minority,8,100,0.0001,150,100,0.2,1,0,1,0,tuning/tuning_results/tuning_run05.csv,preprocessed_data_k5.txt,enc_dec,
enc_dec,2778.01243019104,0.5697715759277344,0.1858925224219321,0.20020458421933413,0.428938364856496,0.4515035633582479,0.3030955765966992,0.2938989525597083,0.6038438783897584,0.643436952848401,1.737868810341994,1.710669100313068,15,both,15,tied,rbf,0.2,entropy,100,sqrt,0.6,0,ovr,auto,20,not minority,8,100,0.0001,150,100,0.2,0,1,1,0,tuning/tuning_results/tuning_run05.csv,preprocessed_data_k5.txt,enc_dec,
enc_dec,4931.182805347443,1.4400086402893066,0.2695363515195472,0.26397229365277114,0.6083919633701865,0.5840431079436815,0.5423936721781074,0.5275176620839961,0.8344263408482817,0.8000680889779616,0.9932520379602504,1.0922126735379447,15,both,15,tied,rbf,0.2,entropy,100,sqrt,0.6,0,ovr,auto,20,not minority,8,100,0.0001,150,100,0.2,1,1,1,0,tuning/tuning_results/tuning_run05.csv,preprocessed_data_k5.txt,enc_dec,
rf,0.2198028087615967,0.017407608032226563,0.8136055073718301,0.7604712163431935,0.700229543388547,0.6889235194480594,0.7771004867252055,0.7664109770415088,0.9242227548659848,0.915506230733216,1.0183446251571842,1.2138553636350635,15,both,15,tied,rbf,0.2,entropy,25,sqrt,0.4,1,ovr,auto,20,not minority,32,15,0.01,100,100,0.2,0,0,0,0,tuning/tuning_results/tuning_run06.csv,preprocessed_data_k5.txt,rf,
rf,0.22066946029663087,0.017452287673950198,0.8136055073718301,0.7604712163431935,0.700229543388547,0.6889235194480594,0.7771004867252055,0.7664109770415088,0.9242227548659848,0.915506230733216,1.0183446251571842,1.2138553636350635,15,both,15,tied,rbf,0.2,entropy,25,sqrt,0.6,1,ovr,auto,20,not minority,32,15,0.01,100,100,0.2,0,0,0,0,tuning/tuning_results/tuning_run06.csv,preprocessed_data_k5.txt,rf,
rf,0.220897912979126,0.017528486251831055,0.8136055073718301,0.7604712163431935,0.700229543388547,0.6889235194480594,0.7771004867252055,0.7664109770415088,0.9242227548659848,0.915506230733216,1.0183446251571842,1.2138553636350635,15,both,15,tied,rbf,0.2,entropy,25,sqrt,0.8,1,ovr,auto,20,not minority,32,15,0.01,100,100,0.2,0,0,0,0,tuning/tuning_results/tuning_run06.csv,preprocessed_data_k5.txt,rf,
rf,0.22026829719543456,0.017419195175170897,0.8136055073718301,0.7604712163431935,0.700229543388547,0.6889235194480594,0.7771004867252055,0.7664109770415088,0.9242227548659848,0.915506230733216,1.0183446251571842,1.2138553636350635,15,both,15,tied,rbf,0.2,entropy,25,log2,0.4,1,ovr,auto,20,not minority,32,15,0.01,100,100,0.2,0,0,0,0,tuning/tuning_results/tuning_run06.csv,preprocessed_data_k5.txt,rf,
rf,0.22144088745117188,0.017498064041137698,0.8136055073718301,0.7604712163431935,0.700229543388547,0.6889235194480594,0.7771004867252055,0.7664109770415088,0.9242227548659848,0.915506230733216,1.0183446251571842,1.2138553636350635,15,both,15,tied,rbf,0.2,entropy,25,log2,0.6,1,ovr,auto,20,not minority,32,15,0.01,100,100,0.2,0,0,0,0,tuning/tuning_results/tuning_run06.csv,preprocessed_data_k5.txt,rf,
rf,0.22039742469787602,0.017250251770019532,0.8136055073718301,0.7604712163431935,0.700229543388547,0.6889235194480594,0.7771004867252055,0.7664109770415088,0.9242227548659848,0.915506230733216,1.0183446251571842,1.2138553636350635,15,both,15,tied,rbf,0.2,entropy,25,log2,0.8,1,ovr,auto,20,not minority,32,15,0.01,100,100,0.2,0,0,0,0,tuning/tuning_results/tuning_run06.csv,preprocessed_data_k5.txt,rf,
rf,0.19040946960449215,0.017677593231201168,0.8145296661664849,0.7542574760390608,0.6997636420451319,0.6841964636136415,0.7777823254857295,0.7646564215761639,0.9218031860636404,0.9125417371345352,1.0635496933488129,1.2423009626933594,15,both,15,tied,rbf,0.2,gini,25,sqrt,0.4,1,ovr,auto,20,not minority,32,15,0.01,100,100,0.2,0,0,0,0,tuning/tuning_results/tuning_run06.csv,preprocessed_data_k5.txt,rf,
rf,0.1887432098388672,0.01756744384765625,0.8145296661664849,0.7542574760390608,0.6997636420451319,0.6841964636136415,0.7777823254857295,0.7646564215761639,0.9218031860636404,0.9125417371345352,1.0635496933488129,1.2423009626933594,15,both,15,tied,rbf,0.2,gini,25,sqrt,0.6,1,ovr,auto,20,not minority,32,15,0.01,100,100,0.2,0,0,0,0,tuning/tuning_results/tuning_run06.csv,preprocessed_data_k5.txt,rf,
rf,0.1915572166442871,0.017592573165893556,0.8145296661664849,0.7542574760390608,0.6997636420451319,0.6841964636136415,0.7777823254857295,0.7646564215761639,0.9218031860636404,0.9125417371345352,1.0635496933488129,1.2423009626933594,15,both,15,tied,rbf,0.2,gini,25,sqrt,0.8,1,ovr,auto,20,not minority,32,15,0.01,100,100,0.2,0,0,0,0,tuning/tuning_results/tuning_run06.csv,preprocessed_data_k5.txt,rf,
rf,0.18830599784851074,0.017729663848876958,0.8145296661664849,0.7542574760390608,0.6997636420451319,0.6841964636136415,0.7777823254857295,0.7646564215761639,0.9218031860636404,0.9125417371345352,1.0635496933488129,1.2423009626933594,15,both,15,tied,rbf,0.2,gini,25,log2,0.4,1,ovr,auto,20,not minority,32,15,0.01,100,100,0.2,0,0,0,0,tuning/tuning_results/tuning_run06.csv,preprocessed_data_k5.txt,rf,
rf,0.18951449394226075,0.0176544189453125,0.8145296661664849,0.7542574760390608,0.6997636420451319,0.6841964636136415,0.7777823254857295,0.7646564215761639,0.9218031860636404,0.9125417371345352,1.0635496933488129,1.2423009626933594,15,both,15,tied,rbf,0.2,gini,25,log2,0.6,1,ovr,auto,20,not minority,32,15,0.01,100,100,0.2,0,0,0,0,tuning/tuning_results/tuning_run06.csv,preprocessed_data_k5.txt,rf,
rf,0.19006843566894527,0.017667007446289063,0.8145296661664849,0.7542574760390608,0.6997636420451319,0.6841964636136415,0.7777823254857295,0.7646564215761639,0.9218031860636404,0.9125417371345352,1.0635496933488129,1.2423009626933594,15,both,15,tied,rbf,0.2,gini,25,log2,0.8,1,ovr,auto,20,not minority,32,15,0.01,100,100,0.2,0,0,0,0,tuning/tuning_results/tuning_run06.csv,preprocessed_data_k5.txt,rf,
rf,0.8613546848297119,0.06133012771606445,0.8229373352071594,0.7662860918324862,0.7008772454819201,0.6892870215446903,0.7829674521780815,0.7734934960448945,0.9335894400325044,0.9255016212192778,0.7876019758904406,0.8450845604200955,15,both,15,tied,rbf,0.2,entropy,100,sqrt,0.4,1,ovr,auto,20,not minority,32,15,0.01,100,100,0.2,0,0,0,0,tuning/tuning_results/tuning_run06.csv,preprocessed_data_k5.txt,rf,
rf,0.8502803802490234,0.06102151870727539,0.8229373352071594,0.7662860918324862,0.7008772454819201,0.6892870215446903,0.7829674521780815,0.7734934960448945,0.9335894400325044,0.9255016212192778,0.7876019758904406,0.8450845604200955,15,both,15,tied,rbf,0.2,entropy,100,sqrt,0.6,1,ovr,auto,20,not minority,32,15,0.01,100,100,0.2,0,0,0,0,tuning/tuning_results/tuning_run06.csv,preprocessed_data_k5.txt,rf,
rf,0.8594362735748291,0.06121983528137207,0.8229373352071594,0.7662860918324862,0.7008772454819201,0.6892870215446903,0.7829674521780815,0.7734934960448945,0.9335894400325044,0.9255016212192778,0.7876019758904406,0.8450845604200955,15,both,15,tied,rbf,0.2,entropy,100,sqrt,0.8,1,ovr,auto,20,not minority,32,15,0.01,100,100,0.2,0,0,0,0,tuning/tuning_results/tuning_run06.csv,preprocessed_data_k5.txt,rf,
rf,0.8526600837707521,0.061131095886230474,0.8229373352071594,0.7662860918324862,0.7008772454819201,0.6892870215446903,0.7829674521780815,0.7734934960448945,0.9335894400325044,0.9255016212192778,0.7876019758904406,0.8450845604200955,15,both,15,tied,rbf,0.2,entropy,100,log2,0.4,1,ovr,auto,20,not minority,32,15,0.01,100,100,0.2,0,0,0,0,tuning/tuning_results/tuning_run06.csv,preprocessed_data_k5.txt,rf,
rf,0.8590632915496826,0.061432790756225576,0.8229373352071594,0.7662860918324862,0.7008772454819201,0.6892870215446903,0.7829674521780815,0.7734934960448945,0.9335894400325044,0.9255016212192778,0.7876019758904406,0.8450845604200955,15,both,15,tied,rbf,0.2,entropy,100,log2,0.6,1,ovr,auto,20,not minority,32,15,0.01,100,100,0.2,0,0,0,0,tuning/tuning_results/tuning_run06.csv,preprocessed_data_k5.txt,rf,
rf,0.8502092838287354,0.06146783828735351,0.8229373352071594,0.7662860918324862,0.7008772454819201,0.6892870215446903,0.7829674521780815,0.7734934960448945,0.9335894400325044,0.9255016212192778,0.7876019758904406,0.8450845604200955,15,both,15,tied,rbf,0.2,entropy,100,log2,0.8,1,ovr,auto,20,not minority,32,15,0.01,100,100,0.2,0,0,0,0,tuning/tuning_results/tuning_run06.csv,preprocessed_data_k5.txt,rf,
rf,0.7269702911376953,0.06288890838623047,0.8221630278630689,0.7635940271472453,0.7037180157635672,0.6890597281609552,0.7836990628549059,0.7714472957870494,0.9326529294773074,0.9238153574040836,0.7921819882973395,0.8530734288976667,15,both,15,tied,rbf,0.2,gini,100,sqrt,0.4,1,ovr,auto,20,not minority,32,15,0.01,100,100,0.2,0,0,0,0,tuning/tuning_results/tuning_run06.csv,preprocessed_data_k5.txt,rf,
rf,0.7218990325927734,0.0625570297241211,0.8221630278630689,0.7635940271472453,0.7037180157635672,0.6890597281609552,0.7836990628549059,0.7714472957870494,0.9326529294773074,0.9238153574040836,0.7921819882973395,0.8530734288976667,15,both,15,tied,rbf,0.2,gini,100,sqrt,0.6,1,ovr,auto,20,not minority,32,15,0.01,100,100,0.2,0,0,0,0,tuning/tuning_results/tuning_run06.csv,preprocessed_data_k5.txt,rf,
rf,0.7288162708282471,0.06250114440917967,0.8221630278630689,0.7635940271472453,0.7037180157635672,0.6890597281609552,0.7836990628549059,0.7714472957870494,0.9326529294773074,0.9238153574040836,0.7921819882973395,0.8530734288976667,15,both,15,tied,rbf,0.2,gini,100,sqrt,0.8,1,ovr,auto,20,not minority,32,15,0.01,100,100,0.2,0,0,0,0,tuning/tuning_results/tuning_run06.csv,preprocessed_data_k5.txt,rf,
rf,0.72895188331604,0.06266040802001953,0.8221630278630689,0.7635940271472453,0.7037180157635672,0.6890597281609552,0.7836990628549059,0.7714472957870494,0.9326529294773074,0.9238153574040836,0.7921819882973395,0.8530734288976667,15,both,15,tied,rbf,0.2,gini,100,log2,0.4,1,ovr,auto,20,not minority,32,15,0.01,100,100,0.2,0,0,0,0,tuning/tuning_results/tuning_run06.csv,preprocessed_data_k5.txt,rf,
rf,0.7257929801940918,0.06240487098693848,0.8221630278630689,0.7635940271472453,0.7037180157635672,0.6890597281609552,0.7836990628549059,0.7714472957870494,0.9326529294773074,0.9238153574040836,0.7921819882973395,0.8530734288976667,15,both,15,tied,rbf,0.2,gini,100,log2,0.6,1,ovr,auto,20,not minority,32,15,0.01,100,100,0.2,0,0,0,0,tuning/tuning_results/tuning_run06.csv,preprocessed_data_k5.txt,rf,
rf,0.7229297161102295,0.06260404586791993,0.8221630278630689,0.7635940271472453,0.7037180157635672,0.6890597281609552,0.7836990628549059,0.7714472957870494,0.9326529294773074,0.9238153574040836,0.7921819882973395,0.8530734288976667,15,both,15,tied,rbf,0.2,gini,100,log2,0.8,1,ovr,auto,20,not minority,32,15,0.01,100,100,0.2,0,0,0,0,tuning/tuning_results/tuning_run06.csv,preprocessed_data_k5.txt,rf,
rf,4.233968305587768,0.2941662788391113,0.8253959521031156,0.7716212070030531,0.7050247758391827,0.6936048625312429,0.7866407235501178,0.7767648637215019,0.9368563845250324,0.9287383692818392,0.7729558085840654,0.8102187109151301,15,both,15,tied,rbf,0.2,entropy,500,sqrt,0.4,1,ovr,auto,20,not minority,32,15,0.01,100,100,0.2,0,0,0,0,tuning/tuning_results/tuning_run06.csv,preprocessed_data_k5.txt,rf,
rf,4.272865581512451,0.2948232650756836,0.8253959521031156,0.7716212070030531,0.7050247758391827,0.6936048625312429,0.7866407235501178,0.7767648637215019,0.9368563845250324,0.9287383692818392,0.7729558085840654,0.8102187109151301,15,both,15,tied,rbf,0.2,entropy,500,sqrt,0.6,1,ovr,auto,20,not minority,32,15,0.01,100,100,0.2,0,0,0,0,tuning/tuning_results/tuning_run06.csv,preprocessed_data_k5.txt,rf,
rf,4.2391128063201915,0.2956826210021973,0.8253959521031156,0.7716212070030531,0.7050247758391827,0.6936048625312429,0.7866407235501178,0.7767648637215019,0.9368563845250324,0.9287383692818392,0.7729558085840654,0.8102187109151301,15,both,15,tied,rbf,0.2,entropy,500,sqrt,0.8,1,ovr,auto,20,not minority,32,15,0.01,100,100,0.2,0,0,0,0,tuning/tuning_results/tuning_run06.csv,preprocessed_data_k5.txt,rf,
rf,4.240559482574463,0.2944354057312012,0.8253959521031156,0.7716212070030531,0.7050247758391827,0.6936048625312429,0.7866407235501178,0.7767648637215019,0.9368563845250324,0.9287383692818392,0.7729558085840654,0.8102187109151301,15,both,15,tied,rbf,0.2,entropy,500,log2,0.4,1,ovr,auto,20,not minority,32,15,0.01,100,100,0.2,0,0,0,0,tuning/tuning_results/tuning_run06.csv,preprocessed_data_k5.txt,rf,
rf,4.267363739013672,0.2972594738006592,0.8253959521031156,0.7716212070030531,0.7050247758391827,0.6936048625312429,0.7866407235501178,0.7767648637215019,0.9368563845250324,0.9287383692818392,0.7729558085840654,0.8102187109151301,15,both,15,tied,rbf,0.2,entropy,500,log2,0.6,1,ovr,auto,20,not minority,32,15,0.01,100,100,0.2,0,0,0,0,tuning/tuning_results/tuning_run06.csv,preprocessed_data_k5.txt,rf,
rf,4.245915460586549,0.2947828769683838,0.8253959521031156,0.7716212070030531,0.7050247758391827,0.6936048625312429,0.7866407235501178,0.7767648637215019,0.9368563845250324,0.9287383692818392,0.7729558085840654,0.8102187109151301,15,both,15,tied,rbf,0.2,entropy,500,log2,0.8,1,ovr,auto,20,not minority,32,15,0.01,100,100,0.2,0,0,0,0,tuning/tuning_results/tuning_run06.csv,preprocessed_data_k5.txt,rf,
rf,3.636511898040772,0.3041674137115479,0.8257699266844739,0.7669230447874521,0.7057633812128443,0.6934231889446615,0.7870820696336948,0.7767267760548657,0.9365187402613356,0.9278516047263101,0.7765425978894089,0.8145866113115823,15,both,15,tied,rbf,0.2,gini,500,sqrt,0.4,1,ovr,auto,20,not minority,32,15,0.01,100,100,0.2,0,0,0,0,tuning/tuning_results/tuning_run06.csv,preprocessed_data_k5.txt,rf,
rf,3.6170562744140624,0.300199556350708,0.8257699266844739,0.7669230447874521,0.7057633812128443,0.6934231889446615,0.7870820696336948,0.7767267760548657,0.9365187402613356,0.9278516047263101,0.7765425978894089,0.8145866113115823,15,both,15,tied,rbf,0.2,gini,500,sqrt,0.6,1,ovr,auto,20,not minority,32,15,0.01,100,100,0.2,0,0,0,0,tuning/tuning_results/tuning_run06.csv,preprocessed_data_k5.txt,rf,
rf,3.6111237049102782,0.3023494720458985,0.8257699266844739,0.7669230447874521,0.7057633812128443,0.6934231889446615,0.7870820696336948,0.7767267760548657,0.9365187402613356,0.9278516047263101,0.7765425978894089,0.8145866113115823,15,both,15,tied,rbf,0.2,gini,500,sqrt,0.8,1,ovr,auto,20,not minority,32,15,0.01,100,100,0.2,0,0,0,0,tuning/tuning_results/tuning_run06.csv,preprocessed_data_k5.txt,rf,
rf,3.612011861801148,0.2995406627655029,0.8257699266844739,0.7669230447874521,0.7057633812128443,0.6934231889446615,0.7870820696336948,0.7767267760548657,0.9365187402613356,0.9278516047263101,0.7765425978894089,0.8145866113115823,15,both,15,tied,rbf,0.2,gini,500,log2,0.4,1,ovr,auto,20,not minority,32,15,0.01,100,100,0.2,0,0,0,0,tuning/tuning_results/tuning_run06.csv,preprocessed_data_k5.txt,rf,
rf,3.613413143157959,0.3022675991058349,0.8257699266844739,0.7669230447874521,0.7057633812128443,0.6934231889446615,0.7870820696336948,0.7767267760548657,0.9365187402613356,0.9278516047263101,0.7765425978894089,0.8145866113115823,15,both,15,tied,rbf,0.2,gini,500,log2,0.6,1,ovr,auto,20,not minority,32,15,0.01,100,100,0.2,0,0,0,0,tuning/tuning_results/tuning_run06.csv,preprocessed_data_k5.txt,rf,
rf,3.619596242904663,0.3012211799621582,0.8257699266844739,0.7669230447874521,0.7057633812128443,0.6934231889446615,0.7870820696336948,0.7767267760548657,0.9365187402613356,0.9278516047263101,0.7765425978894089,0.8145866113115823,15,both,15,tied,rbf,0.2,gini,500,log2,0.8,1,ovr,auto,20,not minority,32,15,0.01,100,100,0.2,0,0,0,0,tuning/tuning_results/tuning_run06.csv,preprocessed_data_k5.txt,rf,
rf,8.560474729537964,0.5886466026306152,0.8255437491866875,0.7689027235588156,0.705706568196022,0.6933322075561339,0.7874405756293761,0.7773458578859315,0.9372864671773192,0.928972121580946,0.7725226774823645,0.8103681415166892,15,both,15,tied,rbf,0.2,entropy,1000,sqrt,0.4,1,ovr,auto,20,not minority,32,15,0.01,100,100,0.2,0,0,0,0,tuning/tuning_results/tuning_run06.csv,preprocessed_data_k5.txt,rf,
rf,8.507074451446533,0.5905062675476074,0.8255437491866875,0.7689027235588156,0.705706568196022,0.6933322075561339,0.7874405756293761,0.7773458578859315,0.9372864671773192,0.928972121580946,0.7725226774823645,0.8103681415166892,15,both,15,tied,rbf,0.2,entropy,1000,sqrt,0.6,1,ovr,auto,20,not minority,32,15,0.01,100,100,0.2,0,0,0,0,tuning/tuning_results/tuning_run06.csv,preprocessed_data_k5.txt,rf,
rf,8.475337886810303,0.5912152767181397,0.8255437491866875,0.7689027235588156,0.705706568196022,0.6933322075561339,0.7874405756293761,0.7773458578859315,0.9372864671773192,0.928972121580946,0.7725226774823645,0.8103681415166892,15,both,15,tied,rbf,0.2,entropy,1000,sqrt,0.8,1,ovr,auto,20,not minority,32,15,0.01,100,100,0.2,0,0,0,0,tuning/tuning_results/tuning_run06.csv,preprocessed_data_k5.txt,rf,
rf,8.498118162155151,0.589359712600708,0.8255437491866875,0.7689027235588156,0.705706568196022,0.6933322075561339,0.7874405756293761,0.7773458578859315,0.9372864671773192,0.928972121580946,0.7725226774823645,0.8103681415166892,15,both,15,tied,rbf,0.2,entropy,1000,log2,0.4,1,ovr,auto,20,not minority,32,15,0.01,100,100,0.2,0,0,0,0,tuning/tuning_results/tuning_run06.csv,preprocessed_data_k5.txt,rf,
rf,8.482928371429443,0.5876091003417969,0.8255437491866875,0.7689027235588156,0.705706568196022,0.6933322075561339,0.7874405756293761,0.7773458578859315,0.9372864671773192,0.928972121580946,0.7725226774823645,0.8103681415166892,15,both,15,tied,rbf,0.2,entropy,1000,log2,0.6,1,ovr,auto,20,not minority,32,15,0.01,100,100,0.2,0,0,0,0,tuning/tuning_results/tuning_run06.csv,preprocessed_data_k5.txt,rf,
rf,8.47475757598877,0.5882449626922608,0.8255437491866875,0.7689027235588156,0.705706568196022,0.6933322075561339,0.7874405756293761,0.7773458578859315,0.9372864671773192,0.928972121580946,0.7725226774823645,0.8103681415166892,15,both,15,tied,rbf,0.2,entropy,1000,log2,0.8,1,ovr,auto,20,not minority,32,15,0.01,100,100,0.2,0,0,0,0,tuning/tuning_results/tuning_run06.csv,preprocessed_data_k5.txt,rf,
rf,7.357954549789427,0.6084580421447754,0.8250003786303639,0.7688136333573842,0.7053883954165828,0.6921504616719341,0.786988472257881,0.7754167068725393,0.9367123348143652,0.928051995164044,0.7773693342192596,0.8152369552176137,15,both,15,tied,rbf,0.2,gini,1000,sqrt,0.4,1,ovr,auto,20,not minority,32,15,0.01,100,100,0.2,0,0,0,0,tuning/tuning_results/tuning_run06.csv,preprocessed_data_k5.txt,rf,
rf,7.237629222869872,0.6045224189758299,0.8250003786303639,0.7688136333573842,0.7053883954165828,0.6921504616719341,0.786988472257881,0.7754167068725393,0.9367123348143652,0.928051995164044,0.7773693342192596,0.8152369552176137,15,both,15,tied,rbf,0.2,gini,1000,sqrt,0.6,1,ovr,auto,20,not minority,32,15,0.01,100,100,0.2,0,0,0,0,tuning/tuning_results/tuning_run06.csv,preprocessed_data_k5.txt,rf,
rf,7.219718599319457,0.6002501964569091,0.8250003786303639,0.7688136333573842,0.7053883954165828,0.6921504616719341,0.786988472257881,0.7754167068725393,0.9367123348143652,0.928051995164044,0.7773693342192596,0.8152369552176137,15,both,15,tied,rbf,0.2,gini,1000,sqrt,0.8,1,ovr,auto,20,not minority,32,15,0.01,100,100,0.2,0,0,0,0,tuning/tuning_results/tuning_run06.csv,preprocessed_data_k5.txt,rf,
rf,7.242250442504883,0.601884126663208,0.8250003786303639,0.7688136333573842,0.7053883954165828,0.6921504616719341,0.786988472257881,0.7754167068725393,0.9367123348143652,0.928051995164044,0.7773693342192596,0.8152369552176137,15,both,15,tied,rbf,0.2,gini,1000,log2,0.4,1,ovr,auto,20,not minority,32,15,0.01,100,100,0.2,0,0,0,0,tuning/tuning_results/tuning_run06.csv,preprocessed_data_k5.txt,rf,
rf,7.2697851181030275,0.6074448585510254,0.8250003786303639,0.7688136333573842,0.7053883954165828,0.6921504616719341,0.786988472257881,0.7754167068725393,0.9367123348143652,0.928051995164044,0.7773693342192596,0.8152369552176137,15,both,15,tied,rbf,0.2,gini,1000,log2,0.6,1,ovr,auto,20,not minority,32,15,0.01,100,100,0.2,0,0,0,0,tuning/tuning_results/tuning_run06.csv,preprocessed_data_k5.txt,rf,
rf,7.250159072875976,0.6038895606994629,0.8250003786303639,0.7688136333573842,0.7053883954165828,0.6921504616719341,0.786988472257881,0.7754167068725393,0.9367123348143652,0.928051995164044,0.7773693342192596,0.8152369552176137,15,both,15,tied,rbf,0.2,gini,1000,log2,0.8,1,ovr,auto,20,not minority,32,15,0.01,100,100,0.2,0,0,0,0,tuning/tuning_results/tuning_run06.csv,preprocessed_data_k5.txt,rf,
rf,85.22557611465454,5.901746273040772,0.8250444463832695,0.7716002142388164,0.7053656687894799,0.6937412778087625,0.7879085977978558,0.7777243560428401,0.937719362325246,0.9294357912260278,0.7720078963022401,0.8084238530612531,15,both,15,tied,rbf,0.2,entropy,10000,sqrt,0.4,1,ovr,auto,20,not minority,32,15,0.01,100,100,0.2,0,0,0,0,tuning/tuning_results/tuning_run06.csv,preprocessed_data_k5.txt,rf,
rf,85.09005160331726,5.897301244735718,0.8250444463832695,0.7716002142388164,0.7053656687894799,0.6937412778087625,0.7879085977978558,0.7777243560428401,0.937719362325246,0.9294357912260278,0.7720078963022401,0.8084238530612531,15,both,15,tied,rbf,0.2,entropy,10000,sqrt,0.6,1,ovr,auto,20,not minority,32,15,0.01,100,100,0.2,0,0,0,0,tuning/tuning_results/tuning_run06.csv,preprocessed_data_k5.txt,rf,
rf,84.8678931236267,5.902472352981567,0.8250444463832695,0.7716002142388164,0.7053656687894799,0.6937412778087625,0.7879085977978558,0.7777243560428401,0.937719362325246,0.9294357912260278,0.7720078963022401,0.8084238530612531,15,both,15,tied,rbf,0.2,entropy,10000,sqrt,0.8,1,ovr,auto,20,not minority,32,15,0.01,100,100,0.2,0,0,0,0,tuning/tuning_results/tuning_run06.csv,preprocessed_data_k5.txt,rf,
rf,85.6091344833374,5.902760457992554,0.8250444463832695,0.7716002142388164,0.7053656687894799,0.6937412778087625,0.7879085977978558,0.7777243560428401,0.937719362325246,0.9294357912260278,0.7720078963022401,0.8084238530612531,15,both,15,tied,rbf,0.2,entropy,10000,log2,0.4,1,ovr,auto,20,not minority,32,15,0.01,100,100,0.2,0,0,0,0,tuning/tuning_results/tuning_run06.csv,preprocessed_data_k5.txt,rf,
rf,85.3487530708313,5.894970846176148,0.8250444463832695,0.7716002142388164,0.7053656687894799,0.6937412778087625,0.7879085977978558,0.7777243560428401,0.937719362325246,0.9294357912260278,0.7720078963022401,0.8084238530612531,15,both,15,tied,rbf,0.2,entropy,10000,log2,0.6,1,ovr,auto,20,not minority,32,15,0.01,100,100,0.2,0,0,0,0,tuning/tuning_results/tuning_run06.csv,preprocessed_data_k5.txt,rf,
rf,85.3964283466339,5.921690320968628,0.8250444463832695,0.7716002142388164,0.7053656687894799,0.6937412778087625,0.7879085977978558,0.7777243560428401,0.937719362325246,0.9294357912260278,0.7720078963022401,0.8084238530612531,15,both,15,tied,rbf,0.2,entropy,10000,log2,0.8,1,ovr,auto,20,not minority,32,15,0.01,100,100,0.2,0,0,0,0,tuning/tuning_results/tuning_run06.csv,preprocessed_data_k5.txt,rf,
rf,72.64543995857238,6.031438779830933,0.8247009674130996,0.7672341037858,0.7051611162330652,0.6927868769494537,0.786951362043923,0.7765422070312408,0.937099260325228,0.9286148784079978,0.7761178538164966,0.8125148240360749,15,both,15,tied,rbf,0.2,gini,10000,sqrt,0.4,1,ovr,auto,20,not minority,32,15,0.01,100,100,0.2,0,0,0,0,tuning/tuning_results/tuning_run06.csv,preprocessed_data_k5.txt,rf,
rf,72.74136023521423,6.015141487121582,0.8247009674130996,0.7672341037858,0.7051611162330652,0.6927868769494537,0.786951362043923,0.7765422070312408,0.937099260325228,0.9286148784079978,0.7761178538164966,0.8125148240360749,15,both,15,tied,rbf,0.2,gini,10000,sqrt,0.6,1,ovr,auto,20,not minority,32,15,0.01,100,100,0.2,0,0,0,0,tuning/tuning_results/tuning_run06.csv,preprocessed_data_k5.txt,rf,
rf,72.90697360038756,6.006325960159303,0.8247009674130996,0.7672341037858,0.7051611162330652,0.6927868769494537,0.786951362043923,0.7765422070312408,0.937099260325228,0.9286148784079978,0.7761178538164966,0.8125148240360749,15,both,15,tied,rbf,0.2,gini,10000,sqrt,0.8,1,ovr,auto,20,not minority,32,15,0.01,100,100,0.2,0,0,0,0,tuning/tuning_results/tuning_run06.csv,preprocessed_data_k5.txt,rf,
rf,72.82240533828734,6.031622362136841,0.8247009674130996,0.7672341037858,0.7051611162330652,0.6927868769494537,0.786951362043923,0.7765422070312408,0.937099260325228,0.9286148784079978,0.7761178538164966,0.8125148240360749,15,both,15,tied,rbf,0.2,gini,10000,log2,0.4,1,ovr,auto,20,not minority,32,15,0.01,100,100,0.2,0,0,0,0,tuning/tuning_results/tuning_run06.csv,preprocessed_data_k5.txt,rf,
rf,72.6071557044983,6.007228040695192,0.8247009674130996,0.7672341037858,0.7051611162330652,0.6927868769494537,0.786951362043923,0.7765422070312408,0.937099260325228,0.9286148784079978,0.7761178538164966,0.8125148240360749,15,both,15,tied,rbf,0.2,gini,10000,log2,0.6,1,ovr,auto,20,not minority,32,15,0.01,100,100,0.2,0,0,0,0,tuning/tuning_results/tuning_run06.csv,preprocessed_data_k5.txt,rf,
rf,72.45497636795044,6.019393539428711,0.8247009674130996,0.7672341037858,0.7051611162330652,0.6927868769494537,0.786951362043923,0.7765422070312408,0.937099260325228,0.9286148784079978,0.7761178538164966,0.8125148240360749,15,both,15,tied,rbf,0.2,gini,10000,log2,0.8,1,ovr,auto,20,not minority,32,15,0.01,100,100,0.2,0,0,0,0,tuning/tuning_results/tuning_run06.csv,preprocessed_data_k5.txt,rf,
knn,0.0034836292266845702,0.9368699550628662,1.0,0.7076525082050427,1.0,0.7943732106339468,1.0,0.7941552431248263,1.0,0.8590568065790268,6.448926813128463e-15,7.102097698717515,15,both,15,tied,rbf,0.2,entropy,100,sqrt,0.6,0,ovr,auto,1,not minority,32,15,0.01,100,100,0.2,0,0,0,0,tuning/tuning_results/tuning_run07.csv,preprocessed_data_k5.txt,knn,
knn,0.0035250186920166016,1.005829095840454,1.0,0.7076525082050427,1.0,0.7943732106339468,1.0,0.7941552431248263,1.0,0.9102886866880516,5.692073062143828e-09,3.995878118692149,15,both,15,tied,rbf,0.2,entropy,100,sqrt,0.6,0,ovr,auto,2,not minority,32,15,0.01,100,100,0.2,0,0,0,0,tuning/tuning_results/tuning_run07.csv,preprocessed_data_k5.txt,knn,
knn,0.003470563888549805,1.1179359912872315,1.0,0.6823998386404504,1.0,0.7986909999793437,1.0,0.7967446034207122,1.0,0.930286095337972,1.1333211215887804e-08,2.6890390164334894,15,both,15,tied,rbf,0.2,entropy,100,sqrt,0.6,0,ovr,auto,3,not minority,32,15,0.01,100,100,0.2,0,0,0,0,tuning/tuning_results/tuning_run07.csv,preprocessed_data_k5.txt,knn,
knn,0.0035129547119140624,1.2940879344940186,1.0,0.6857284357346185,1.0,0.8035543987936627,1.0,0.8016744664989093,1.0,0.9401274142891568,1.7038925972457696e-08,2.0347162498058218,15,both,15,tied,rbf,0.2,entropy,100,sqrt,0.6,0,ovr,auto,4,not minority,32,15,0.01,100,100,0.2,0,0,0,0,tuning/tuning_results/tuning_run07.csv,preprocessed_data_k5.txt,knn,
knn,0.003474235534667969,1.302588939666748,1.0,0.6704787413734055,1.0,0.8043727768482369,1.0,0.8017631616270237,1.0,0.9452828779334944,2.2734173892599206e-08,1.6536792799414166,15,both,15,tied,rbf,0.2,entropy,100,sqrt,0.6,0,ovr,auto,5,not minority,32,15,0.01,100,100,0.2,0,0,0,0,tuning/tuning_results/tuning_run07.csv,preprocessed_data_k5.txt,knn,
knn,0.0035053253173828124,1.310409212112427,1.0,0.6709852821167948,1.0,0.8051907727582576,1.0,0.8025749659672845,1.0,0.9482945118033494,2.8164519319925188e-08,1.418729048257513,15,both,15,tied,rbf,0.2,entropy,100,sqrt,0.6,0,ovr,auto,6,not minority,32,15,0.01,100,100,0.2,0,0,0,0,tuning/tuning_results/tuning_run07.csv,preprocessed_data_k5.txt,knn,
knn,0.0037888526916503907,1.3180793285369874,1.0,0.6578807402420767,1.0,0.8038273223027825,1.0,0.8008466190259025,1.0,0.9504153939267452,3.3483941368260135e-08,1.2396358615464824,15,both,15,tied,rbf,0.2,entropy,100,sqrt,0.6,0,ovr,auto,7,not minority,32,15,0.01,100,100,0.2,0,0,0,0,tuning/tuning_results/tuning_run07.csv,preprocessed_data_k5.txt,knn,
knn,0.0035912513732910155,1.3211172580718995,1.0,0.6570264188591294,1.0,0.8041454111668835,1.0,0.8013211928225324,1.0,0.9516526339098456,3.884859549310372e-08,1.1104452189064842,15,both,15,tied,rbf,0.2,entropy,100,sqrt,0.6,0,ovr,auto,8,not minority,32,15,0.01,100,100,0.2,0,0,0,0,tuning/tuning_results/tuning_run07.csv,preprocessed_data_k5.txt,knn,
knn,0.003502941131591797,1.3133968353271483,1.0,0.6535913811908804,1.0,0.8034182004089979,1.0,0.8007636629316156,1.0,0.952408247764501,4.422888847754891e-08,1.0307755270571834,15,both,15,tied,rbf,0.2,entropy,100,sqrt,0.6,0,ovr,auto,9,not minority,32,15,0.01,100,100,0.2,0,0,0,0,tuning/tuning_results/tuning_run07.csv,preprocessed_data_k5.txt,knn,
knn,0.0033998012542724608,1.3386192321777344,1.0,0.6512875347913745,1.0,0.8026455247774266,1.0,0.7997910089179079,1.0,0.9528692687266588,4.9597559334859686e-08,0.9703613429499948,15,both,15,tied,rbf,0.2,entropy,100,sqrt,0.6,0,ovr,auto,10,not minority,32,15,0.01,100,100,0.2,0,0,0,0,tuning/tuning_results/tuning_run07.csv,preprocessed_data_k5.txt,knn,
label_spreading,7.690390729904175,2.024379301071167,0.6127691807533192,0.5528586579277923,0.8121385912391339,0.7609237027867287,0.7752378851044444,0.7239774954016741,0.9765356262611234,0.954565561051946,0.3375379009708567,0.6235025682952867,15,both,15,tied,knn,0.01,entropy,100,sqrt,0.6,0,ovr,auto,20,not minority,32,15,0.01,100,100,0.2,0,0,0,0,tuning/tuning_results/tuning_run08.csv,preprocessed_data_k5.txt,label_spreading,
label_spreading,7.684655857086183,2.005424213409424,0.6111239217380993,0.5521489301078061,0.8116494826604415,0.7610541375693375,0.7749099537246851,0.7240733826184369,0.976408711309278,0.9546229144916076,0.3439452839744631,0.5498474571147437,15,both,15,tied,knn,0.1,entropy,100,sqrt,0.6,0,ovr,auto,20,not minority,32,15,0.01,100,100,0.2,0,0,0,0,tuning/tuning_results/tuning_run08.csv,preprocessed_data_k5.txt,label_spreading,
label_spreading,7.763926982879639,2.0004504680633546,0.6078499665168856,0.5512411402952022,0.8106060504745723,0.7604889390775164,0.7738994058140711,0.723597943851683,0.9761077128847192,0.9545948788618808,0.35203985389736403,0.5309005859157228,15,both,15,tied,knn,0.2,entropy,100,sqrt,0.6,0,ovr,auto,20,not minority,32,15,0.01,100,100,0.2,0,0,0,0,tuning/tuning_results/tuning_run08.csv,preprocessed_data_k5.txt,label_spreading,
label_spreading,7.749427604675293,2.00736026763916,0.6005053627399113,0.5475870836799615,0.8074540165586465,0.7591411602392675,0.7708196005675539,0.7223077086927825,0.9756221313880138,0.9544445429563206,0.3613854016246544,0.5227083137133135,15,both,15,tied,knn,0.3,entropy,100,sqrt,0.6,0,ovr,auto,20,not minority,32,15,0.01,100,100,0.2,0,0,0,0,tuning/tuning_results/tuning_run08.csv,preprocessed_data_k5.txt,label_spreading,
label_spreading,7.669366550445558,2.006630086898804,0.5904131023442605,0.5418895920483671,0.8028455264718599,0.7575325307352844,0.7663395626635443,0.7207542268031022,0.9747701342927196,0.9540947481762768,0.3723195636839137,0.5196309082450897,15,both,15,tied,knn,0.4,entropy,100,sqrt,0.6,0,ovr,auto,20,not minority,32,15,0.01,100,100,0.2,0,0,0,0,tuning/tuning_results/tuning_run08.csv,preprocessed_data_k5.txt,label_spreading,
label_spreading,7.767381763458253,2.005534791946411,0.5815542135901788,0.5361808726319197,0.7973566358633628,0.7559673889419124,0.7611956823172766,0.7194077714982253,0.9735133517629372,0.9535019871723712,0.38536456273649816,0.5201553581691319,15,both,15,tied,knn,0.5,entropy,100,sqrt,0.6,0,ovr,auto,20,not minority,32,15,0.01,100,100,0.2,0,0,0,0,tuning/tuning_results/tuning_run08.csv,preprocessed_data_k5.txt,label_spreading,
label_spreading,7.817389917373657,2.0053462505340582,0.5690466160959442,0.527089358098509,0.7910416907871263,0.7524458482560502,0.7552820357196824,0.7157467713801108,0.9718076725350412,0.952615709922592,0.4013882779436198,0.5240451005107805,15,both,15,tied,knn,0.6,entropy,100,sqrt,0.6,0,ovr,auto,20,not minority,32,15,0.01,100,100,0.2,0,0,0,0,tuning/tuning_results/tuning_run08.csv,preprocessed_data_k5.txt,label_spreading,
label_spreading,7.75133466720581,2.006370449066162,0.5544234359726736,0.5140856307961391,0.7841072159358069,0.7490112546421855,0.7487482107894344,0.7121273819384747,0.9694811826169004,0.9513292820177941,0.42198906684166415,0.5319946995055881,15,both,15,tied,knn,0.7,entropy,100,sqrt,0.6,0,ovr,auto,20,not minority,32,15,0.01,100,100,0.2,0,0,0,0,tuning/tuning_results/tuning_run08.csv,preprocessed_data_k5.txt,label_spreading,
label_spreading,7.793239259719849,2.0022490978240968,0.5362982577750965,0.4979412096173201,0.774890235762234,0.7446201770881566,0.7401728289013779,0.7081048804842981,0.9661083644112056,0.9493028162790004,0.4506275411379351,0.5463303651711285,15,both,15,tied,knn,0.8,entropy,100,sqrt,0.6,0,ovr,auto,20,not minority,32,15,0.01,100,100,0.2,0,0,0,0,tuning/tuning_results/tuning_run08.csv,preprocessed_data_k5.txt,label_spreading,
label_spreading,7.8094993114471425,2.0005854606628417,0.3854735200124899,0.3732715122743849,0.7343268105703141,0.7185777193993744,0.7019922323577245,0.6826733704369085,0.9468363382053356,0.9351045308161724,0.6130342033775144,0.6627262349203514,15,both,15,tied,knn,0.99,entropy,100,sqrt,0.6,0,ovr,auto,20,not minority,32,15,0.01,100,100,0.2,0,0,0,0,tuning/tuning_results/tuning_run08.csv,preprocessed_data_k5.txt,label_spreading,
